"","HUC","Stressor","simulation","dose","sys.cap"
"1","0401010102","StressorA","1",0.001,1
"2","0401010102","StressorA","10",0.001,1
"3","0401010102","StressorA","100",0.001,1
"4","0401010102","StressorA","11",0.001,1
"5","0401010102","StressorA","12",0.001,1
"6","0401010102","StressorA","13",0.001,1
"7","0401010102","StressorA","14",0.001,1
"8","0401010102","StressorA","15",0.001,1
"9","0401010102","StressorA","16",0.001,1
"10","0401010102","StressorA","17",0.001,1
"11","0401010102","StressorA","18",0.001,1
"12","0401010102","StressorA","19",0.001,1
"13","0401010102","StressorA","2",0.001,1
"14","0401010102","StressorA","20",0.001,1
"15","0401010102","StressorA","21",0.001,1
"16","0401010102","StressorA","22",0.001,1
"17","0401010102","StressorA","23",0.001,1
"18","0401010102","StressorA","24",0.001,1
"19","0401010102","StressorA","25",0.001,1
"20","0401010102","StressorA","26",0.001,1
"21","0401010102","StressorA","27",0.001,1
"22","0401010102","StressorA","28",0.001,1
"23","0401010102","StressorA","29",0.001,1
"24","0401010102","StressorA","3",0.001,1
"25","0401010102","StressorA","30",0.001,1
"26","0401010102","StressorA","31",0.001,1
"27","0401010102","StressorA","32",0.001,1
"28","0401010102","StressorA","33",0.001,1
"29","0401010102","StressorA","34",0.001,1
"30","0401010102","StressorA","35",0.001,1
"31","0401010102","StressorA","36",0.001,1
"32","0401010102","StressorA","37",0.001,1
"33","0401010102","StressorA","38",0.001,1
"34","0401010102","StressorA","39",0.001,1
"35","0401010102","StressorA","4",0.001,1
"36","0401010102","StressorA","40",0.001,1
"37","0401010102","StressorA","41",0.001,1
"38","0401010102","StressorA","42",0.001,1
"39","0401010102","StressorA","43",0.001,1
"40","0401010102","StressorA","44",0.001,1
"41","0401010102","StressorA","45",0.001,1
"42","0401010102","StressorA","46",0.001,1
"43","0401010102","StressorA","47",0.001,1
"44","0401010102","StressorA","48",0.001,1
"45","0401010102","StressorA","49",0.001,1
"46","0401010102","StressorA","5",0.001,1
"47","0401010102","StressorA","50",0.001,1
"48","0401010102","StressorA","51",0.001,1
"49","0401010102","StressorA","52",0.001,1
"50","0401010102","StressorA","53",0.001,1
"51","0401010102","StressorA","54",0.001,1
"52","0401010102","StressorA","55",0.001,1
"53","0401010102","StressorA","56",0.001,1
"54","0401010102","StressorA","57",0.001,1
"55","0401010102","StressorA","58",0.001,1
"56","0401010102","StressorA","59",0.001,1
"57","0401010102","StressorA","6",0.001,1
"58","0401010102","StressorA","60",0.001,1
"59","0401010102","StressorA","61",0.001,1
"60","0401010102","StressorA","62",0.001,1
"61","0401010102","StressorA","63",0.001,1
"62","0401010102","StressorA","64",0.001,1
"63","0401010102","StressorA","65",0.001,1
"64","0401010102","StressorA","66",0.001,1
"65","0401010102","StressorA","67",0.001,1
"66","0401010102","StressorA","68",0.001,1
"67","0401010102","StressorA","69",0.001,1
"68","0401010102","StressorA","7",0.001,1
"69","0401010102","StressorA","70",0.001,1
"70","0401010102","StressorA","71",0.001,1
"71","0401010102","StressorA","72",0.001,1
"72","0401010102","StressorA","73",0.001,1
"73","0401010102","StressorA","74",0.001,1
"74","0401010102","StressorA","75",0.001,1
"75","0401010102","StressorA","76",0.001,1
"76","0401010102","StressorA","77",0.001,1
"77","0401010102","StressorA","78",0.001,1
"78","0401010102","StressorA","79",0.001,1
"79","0401010102","StressorA","8",0.001,1
"80","0401010102","StressorA","80",0.001,1
"81","0401010102","StressorA","81",0.001,1
"82","0401010102","StressorA","82",0.001,1
"83","0401010102","StressorA","83",0.001,1
"84","0401010102","StressorA","84",0.001,1
"85","0401010102","StressorA","85",0.001,1
"86","0401010102","StressorA","86",0.001,1
"87","0401010102","StressorA","87",0.001,1
"88","0401010102","StressorA","88",0.001,1
"89","0401010102","StressorA","89",0.001,1
"90","0401010102","StressorA","9",0.001,1
"91","0401010102","StressorA","90",0.001,1
"92","0401010102","StressorA","91",0.001,1
"93","0401010102","StressorA","92",0.001,1
"94","0401010102","StressorA","93",0.001,1
"95","0401010102","StressorA","94",0.001,1
"96","0401010102","StressorA","95",0.001,1
"97","0401010102","StressorA","96",0.001,1
"98","0401010102","StressorA","97",0.001,1
"99","0401010102","StressorA","98",0.001,1
"100","0401010102","StressorA","99",0.001,1
"101","0401010102","StressorB","1",0,1
"102","0401010102","StressorB","10",0,1
"103","0401010102","StressorB","100",0,1
"104","0401010102","StressorB","11",0,1
"105","0401010102","StressorB","12",0,1
"106","0401010102","StressorB","13",0,1
"107","0401010102","StressorB","14",0,1
"108","0401010102","StressorB","15",0,1
"109","0401010102","StressorB","16",0,1
"110","0401010102","StressorB","17",0,1
"111","0401010102","StressorB","18",0,1
"112","0401010102","StressorB","19",0,1
"113","0401010102","StressorB","2",0,1
"114","0401010102","StressorB","20",0,1
"115","0401010102","StressorB","21",0,1
"116","0401010102","StressorB","22",0,1
"117","0401010102","StressorB","23",0,1
"118","0401010102","StressorB","24",0,1
"119","0401010102","StressorB","25",0,1
"120","0401010102","StressorB","26",0,1
"121","0401010102","StressorB","27",0,1
"122","0401010102","StressorB","28",0,1
"123","0401010102","StressorB","29",0,1
"124","0401010102","StressorB","3",0,1
"125","0401010102","StressorB","30",0,1
"126","0401010102","StressorB","31",0,1
"127","0401010102","StressorB","32",0,1
"128","0401010102","StressorB","33",0,1
"129","0401010102","StressorB","34",0,1
"130","0401010102","StressorB","35",0,1
"131","0401010102","StressorB","36",0,1
"132","0401010102","StressorB","37",0,1
"133","0401010102","StressorB","38",0,1
"134","0401010102","StressorB","39",0,1
"135","0401010102","StressorB","4",0,1
"136","0401010102","StressorB","40",0,1
"137","0401010102","StressorB","41",0,1
"138","0401010102","StressorB","42",0,1
"139","0401010102","StressorB","43",0,1
"140","0401010102","StressorB","44",0,1
"141","0401010102","StressorB","45",0,1
"142","0401010102","StressorB","46",0,1
"143","0401010102","StressorB","47",0,1
"144","0401010102","StressorB","48",0,1
"145","0401010102","StressorB","49",0,1
"146","0401010102","StressorB","5",0,1
"147","0401010102","StressorB","50",0,1
"148","0401010102","StressorB","51",0,1
"149","0401010102","StressorB","52",0,1
"150","0401010102","StressorB","53",0,1
"151","0401010102","StressorB","54",0,1
"152","0401010102","StressorB","55",0,1
"153","0401010102","StressorB","56",0,1
"154","0401010102","StressorB","57",0,1
"155","0401010102","StressorB","58",0,1
"156","0401010102","StressorB","59",0,1
"157","0401010102","StressorB","6",0,1
"158","0401010102","StressorB","60",0,1
"159","0401010102","StressorB","61",0,1
"160","0401010102","StressorB","62",0,1
"161","0401010102","StressorB","63",0,1
"162","0401010102","StressorB","64",0,1
"163","0401010102","StressorB","65",0,1
"164","0401010102","StressorB","66",0,1
"165","0401010102","StressorB","67",0,1
"166","0401010102","StressorB","68",0,1
"167","0401010102","StressorB","69",0,1
"168","0401010102","StressorB","7",0,1
"169","0401010102","StressorB","70",0,1
"170","0401010102","StressorB","71",0,1
"171","0401010102","StressorB","72",0,1
"172","0401010102","StressorB","73",0,1
"173","0401010102","StressorB","74",0,1
"174","0401010102","StressorB","75",0,1
"175","0401010102","StressorB","76",0,1
"176","0401010102","StressorB","77",0,1
"177","0401010102","StressorB","78",0,1
"178","0401010102","StressorB","79",0,1
"179","0401010102","StressorB","8",0,1
"180","0401010102","StressorB","80",0,1
"181","0401010102","StressorB","81",0,1
"182","0401010102","StressorB","82",0,1
"183","0401010102","StressorB","83",0,1
"184","0401010102","StressorB","84",0,1
"185","0401010102","StressorB","85",0,1
"186","0401010102","StressorB","86",0,1
"187","0401010102","StressorB","87",0,1
"188","0401010102","StressorB","88",0,1
"189","0401010102","StressorB","89",0,1
"190","0401010102","StressorB","9",0,1
"191","0401010102","StressorB","90",0,1
"192","0401010102","StressorB","91",0,1
"193","0401010102","StressorB","92",0,1
"194","0401010102","StressorB","93",0,1
"195","0401010102","StressorB","94",0,1
"196","0401010102","StressorB","95",0,1
"197","0401010102","StressorB","96",0,1
"198","0401010102","StressorB","97",0,1
"199","0401010102","StressorB","98",0,1
"200","0401010102","StressorB","99",0,1
"201","0401010102","StressorC","1",0,1
"202","0401010102","StressorC","10",0,1
"203","0401010102","StressorC","100",0,1
"204","0401010102","StressorC","11",0,1
"205","0401010102","StressorC","12",0,1
"206","0401010102","StressorC","13",0,1
"207","0401010102","StressorC","14",0,1
"208","0401010102","StressorC","15",0,1
"209","0401010102","StressorC","16",0,1
"210","0401010102","StressorC","17",0,1
"211","0401010102","StressorC","18",0,1
"212","0401010102","StressorC","19",0,1
"213","0401010102","StressorC","2",0,1
"214","0401010102","StressorC","20",0,1
"215","0401010102","StressorC","21",0,1
"216","0401010102","StressorC","22",0,1
"217","0401010102","StressorC","23",0,1
"218","0401010102","StressorC","24",0,1
"219","0401010102","StressorC","25",0,1
"220","0401010102","StressorC","26",0,1
"221","0401010102","StressorC","27",0,1
"222","0401010102","StressorC","28",0,1
"223","0401010102","StressorC","29",0,1
"224","0401010102","StressorC","3",0,1
"225","0401010102","StressorC","30",0,1
"226","0401010102","StressorC","31",0,1
"227","0401010102","StressorC","32",0,1
"228","0401010102","StressorC","33",0,1
"229","0401010102","StressorC","34",0,1
"230","0401010102","StressorC","35",0,1
"231","0401010102","StressorC","36",0,1
"232","0401010102","StressorC","37",0,1
"233","0401010102","StressorC","38",0,1
"234","0401010102","StressorC","39",0,1
"235","0401010102","StressorC","4",0,1
"236","0401010102","StressorC","40",0,1
"237","0401010102","StressorC","41",0,1
"238","0401010102","StressorC","42",0,1
"239","0401010102","StressorC","43",0,1
"240","0401010102","StressorC","44",0,1
"241","0401010102","StressorC","45",0,1
"242","0401010102","StressorC","46",0,1
"243","0401010102","StressorC","47",0,1
"244","0401010102","StressorC","48",0,1
"245","0401010102","StressorC","49",0,1
"246","0401010102","StressorC","5",0,1
"247","0401010102","StressorC","50",0,1
"248","0401010102","StressorC","51",0,1
"249","0401010102","StressorC","52",0,1
"250","0401010102","StressorC","53",0,1
"251","0401010102","StressorC","54",0,1
"252","0401010102","StressorC","55",0,1
"253","0401010102","StressorC","56",0,1
"254","0401010102","StressorC","57",0,1
"255","0401010102","StressorC","58",0,1
"256","0401010102","StressorC","59",0,1
"257","0401010102","StressorC","6",0,1
"258","0401010102","StressorC","60",0,1
"259","0401010102","StressorC","61",0,1
"260","0401010102","StressorC","62",0,1
"261","0401010102","StressorC","63",0,1
"262","0401010102","StressorC","64",0,1
"263","0401010102","StressorC","65",0,1
"264","0401010102","StressorC","66",0,1
"265","0401010102","StressorC","67",0,1
"266","0401010102","StressorC","68",0,1
"267","0401010102","StressorC","69",0,1
"268","0401010102","StressorC","7",0,1
"269","0401010102","StressorC","70",0,1
"270","0401010102","StressorC","71",0,1
"271","0401010102","StressorC","72",0,1
"272","0401010102","StressorC","73",0,1
"273","0401010102","StressorC","74",0,1
"274","0401010102","StressorC","75",0,1
"275","0401010102","StressorC","76",0,1
"276","0401010102","StressorC","77",0,1
"277","0401010102","StressorC","78",0,1
"278","0401010102","StressorC","79",0,1
"279","0401010102","StressorC","8",0,1
"280","0401010102","StressorC","80",0,1
"281","0401010102","StressorC","81",0,1
"282","0401010102","StressorC","82",0,1
"283","0401010102","StressorC","83",0,1
"284","0401010102","StressorC","84",0,1
"285","0401010102","StressorC","85",0,1
"286","0401010102","StressorC","86",0,1
"287","0401010102","StressorC","87",0,1
"288","0401010102","StressorC","88",0,1
"289","0401010102","StressorC","89",0,1
"290","0401010102","StressorC","9",0,1
"291","0401010102","StressorC","90",0,1
"292","0401010102","StressorC","91",0,1
"293","0401010102","StressorC","92",0,1
"294","0401010102","StressorC","93",0,1
"295","0401010102","StressorC","94",0,1
"296","0401010102","StressorC","95",0,1
"297","0401010102","StressorC","96",0,1
"298","0401010102","StressorC","97",0,1
"299","0401010102","StressorC","98",0,1
"300","0401010102","StressorC","99",0,1
"301","0401010102","StressorD","1",0.1,1
"302","0401010102","StressorD","10",0.1,1
"303","0401010102","StressorD","100",0.1,1
"304","0401010102","StressorD","11",0.1,1
"305","0401010102","StressorD","12",0.1,1
"306","0401010102","StressorD","13",0.1,1
"307","0401010102","StressorD","14",0.1,1
"308","0401010102","StressorD","15",0.1,1
"309","0401010102","StressorD","16",0.1,1
"310","0401010102","StressorD","17",0.1,1
"311","0401010102","StressorD","18",0.1,1
"312","0401010102","StressorD","19",0.1,1
"313","0401010102","StressorD","2",0.1,1
"314","0401010102","StressorD","20",0.1,1
"315","0401010102","StressorD","21",0.1,1
"316","0401010102","StressorD","22",0.1,1
"317","0401010102","StressorD","23",0.1,1
"318","0401010102","StressorD","24",0.1,1
"319","0401010102","StressorD","25",0.1,1
"320","0401010102","StressorD","26",0.1,1
"321","0401010102","StressorD","27",0.1,1
"322","0401010102","StressorD","28",0.1,1
"323","0401010102","StressorD","29",0.1,1
"324","0401010102","StressorD","3",0.1,1
"325","0401010102","StressorD","30",0.1,1
"326","0401010102","StressorD","31",0.1,1
"327","0401010102","StressorD","32",0.1,1
"328","0401010102","StressorD","33",0.1,1
"329","0401010102","StressorD","34",0.1,1
"330","0401010102","StressorD","35",0.1,1
"331","0401010102","StressorD","36",0.1,1
"332","0401010102","StressorD","37",0.1,1
"333","0401010102","StressorD","38",0.1,1
"334","0401010102","StressorD","39",0.1,1
"335","0401010102","StressorD","4",0.1,1
"336","0401010102","StressorD","40",0.1,1
"337","0401010102","StressorD","41",0.1,1
"338","0401010102","StressorD","42",0.1,1
"339","0401010102","StressorD","43",0.1,1
"340","0401010102","StressorD","44",0.1,1
"341","0401010102","StressorD","45",0.1,1
"342","0401010102","StressorD","46",0.1,1
"343","0401010102","StressorD","47",0.1,1
"344","0401010102","StressorD","48",0.1,1
"345","0401010102","StressorD","49",0.1,1
"346","0401010102","StressorD","5",0.1,1
"347","0401010102","StressorD","50",0.1,1
"348","0401010102","StressorD","51",0.1,1
"349","0401010102","StressorD","52",0.1,1
"350","0401010102","StressorD","53",0.1,1
"351","0401010102","StressorD","54",0.1,1
"352","0401010102","StressorD","55",0.1,1
"353","0401010102","StressorD","56",0.1,1
"354","0401010102","StressorD","57",0.1,1
"355","0401010102","StressorD","58",0.1,1
"356","0401010102","StressorD","59",0.1,1
"357","0401010102","StressorD","6",0.1,1
"358","0401010102","StressorD","60",0.1,1
"359","0401010102","StressorD","61",0.1,1
"360","0401010102","StressorD","62",0.1,1
"361","0401010102","StressorD","63",0.1,1
"362","0401010102","StressorD","64",0.1,1
"363","0401010102","StressorD","65",0.1,1
"364","0401010102","StressorD","66",0.1,1
"365","0401010102","StressorD","67",0.1,1
"366","0401010102","StressorD","68",0.1,1
"367","0401010102","StressorD","69",0.1,1
"368","0401010102","StressorD","7",0.1,1
"369","0401010102","StressorD","70",0.1,1
"370","0401010102","StressorD","71",0.1,1
"371","0401010102","StressorD","72",0.1,1
"372","0401010102","StressorD","73",0.1,1
"373","0401010102","StressorD","74",0.1,1
"374","0401010102","StressorD","75",0.1,1
"375","0401010102","StressorD","76",0.1,1
"376","0401010102","StressorD","77",0.1,1
"377","0401010102","StressorD","78",0.1,1
"378","0401010102","StressorD","79",0.1,1
"379","0401010102","StressorD","8",0.1,1
"380","0401010102","StressorD","80",0.1,1
"381","0401010102","StressorD","81",0.1,1
"382","0401010102","StressorD","82",0.1,1
"383","0401010102","StressorD","83",0.1,1
"384","0401010102","StressorD","84",0.1,1
"385","0401010102","StressorD","85",0.1,1
"386","0401010102","StressorD","86",0.1,1
"387","0401010102","StressorD","87",0.1,1
"388","0401010102","StressorD","88",0.1,1
"389","0401010102","StressorD","89",0.1,1
"390","0401010102","StressorD","9",0.1,1
"391","0401010102","StressorD","90",0.1,1
"392","0401010102","StressorD","91",0.1,1
"393","0401010102","StressorD","92",0.1,1
"394","0401010102","StressorD","93",0.1,1
"395","0401010102","StressorD","94",0.1,1
"396","0401010102","StressorD","95",0.1,1
"397","0401010102","StressorD","96",0.1,1
"398","0401010102","StressorD","97",0.1,1
"399","0401010102","StressorD","98",0.1,1
"400","0401010102","StressorD","99",0.1,1
"401","0401010502","StressorA","1",0.69999941477542,0.531077987600143
"402","0401010502","StressorA","10",0.699998671676197,0.531078060592486
"403","0401010502","StressorA","100",0.700000019675038,0.531077928182778
"404","0401010502","StressorA","11",0.700000871399774,0.531077844520653
"405","0401010502","StressorA","12",0.699998862652428,0.531078041833473
"406","0401010502","StressorA","13",0.700000887196148,0.531077842969028
"407","0401010502","StressorA","14",0.700000362151174,0.531077894542459
"408","0401010502","StressorA","15",0.69999941635905,0.531077987444588
"409","0401010502","StressorA","16",0.700000503607303,0.531077880647688
"410","0401010502","StressorA","17",0.700000264154851,0.531077904168318
"411","0401010502","StressorA","18",0.699999488659896,0.531077980342703
"412","0401010502","StressorA","19",0.699998889097091,0.531078039235895
"413","0401010502","StressorA","2",0.700001315855406,0.531077800863276
"414","0401010502","StressorA","20",0.69999948972493,0.531077980238088
"415","0401010502","StressorA","21",0.700000425582632,0.531077888311795
"416","0401010502","StressorA","22",0.699999264192218,0.53107800239146
"417","0401010502","StressorA","23",0.699998868247198,0.531078041283916
"418","0401010502","StressorA","24",0.699999557390071,0.531077973591555
"419","0401010502","StressorA","25",0.699999181674726,0.531078010496896
"420","0401010502","StressorA","26",0.700000557131187,0.531077875390213
"421","0401010502","StressorA","27",0.700000355217782,0.531077895223503
"422","0401010502","StressorA","28",0.70000019952516,0.531077910516682
"423","0401010502","StressorA","29",0.70000033160958,0.53107789754246
"424","0401010502","StressorA","3",0.699999249194579,0.531078003864631
"425","0401010502","StressorA","30",0.69999923336975,0.531078005419055
"426","0401010502","StressorA","31",0.699999740626739,0.531077955592798
"427","0401010502","StressorA","32",0.700000416534561,0.531077889200557
"428","0401010502","StressorA","33",0.700000045530416,0.531077925643087
"429","0401010502","StressorA","34",0.699999989172054,0.531077931178988
"430","0401010502","StressorA","35",0.699998892680212,0.531078038883936
"431","0401010502","StressorA","36",0.700001035991915,0.531077828353319
"432","0401010502","StressorA","37",0.699999641725603,0.531077965307542
"433","0401010502","StressorA","38",0.700000509196499,0.531077880098679
"434","0401010502","StressorA","39",0.700000621763319,0.531077869041612
"435","0401010502","StressorA","4",0.700000995218257,0.531077832358379
"436","0401010502","StressorA","40",0.699999610430537,0.531077968381558
"437","0401010502","StressorA","41",0.699999725663464,0.531077957062593
"438","0401010502","StressorA","42",0.69999952059319,0.531077977205996
"439","0401010502","StressorA","43",0.700000102032653,0.531077920093055
"440","0401010502","StressorA","44",0.700000677535961,0.53107786356325
"441","0401010502","StressorA","45",0.699999197644989,0.531078008928187
"442","0401010502","StressorA","46",0.700000420336962,0.53107788882706
"443","0401010502","StressorA","47",0.700000162672348,0.531077914136614
"444","0401010502","StressorA","48",0.700000651576973,0.531077866113115
"445","0401010502","StressorA","49",0.700001189674291,0.531077813257618
"446","0401010502","StressorA","5",0.700000521898411,0.531077878851012
"447","0401010502","StressorA","50",0.700000295856329,0.531077901054385
"448","0401010502","StressorA","51",0.69999975939598,0.531077953749155
"449","0401010502","StressorA","52",0.700000585213939,0.531077872631737
"450","0401010502","StressorA","53",0.70000109964909,0.53107782210049
"451","0401010502","StressorA","54",0.699999699104584,0.531077959671387
"452","0401010502","StressorA","55",0.700000378633303,0.531077892923473
"453","0401010502","StressorA","56",0.700000597269451,0.531077871447564
"454","0401010502","StressorA","57",0.699999380289988,0.531077990987539
"455","0401010502","StressorA","58",0.699998887600855,0.531078039382866
"456","0401010502","StressorA","59",0.70000024090457,0.531077906452117
"457","0401010502","StressorA","6",0.699999908551188,0.531077939098116
"458","0401010502","StressorA","60",0.699999648253386,0.531077964666339
"459","0401010502","StressorA","61",0.700000692765527,0.5310778620673
"460","0401010502","StressorA","62",0.699999587683546,0.531077970615923
"461","0401010502","StressorA","63",0.699999620632219,0.531077967379479
"462","0401010502","StressorA","64",0.699999514496791,0.531077977804826
"463","0401010502","StressorA","65",0.700001193699589,0.531077812862227
"464","0401010502","StressorA","66",0.700000591413961,0.531077872022729
"465","0401010502","StressorA","67",0.699998898839145,0.531078038278963
"466","0401010502","StressorA","68",0.700000937976958,0.531077837980999
"467","0401010502","StressorA","69",0.699999924405992,0.53107793754075
"468","0401010502","StressorA","7",0.699999296724861,0.53107799919588
"469","0401010502","StressorA","70",0.699999698515441,0.531077959729257
"470","0401010502","StressorA","71",0.699999029785688,0.531078025416487
"471","0401010502","StressorA","72",0.70000087885958,0.531077843787902
"472","0401010502","StressorA","73",0.700000020422732,0.531077928109334
"473","0401010502","StressorA","74",0.700000263498537,0.531077904232786
"474","0401010502","StressorA","75",0.700000081394796,0.531077922120245
"475","0401010502","StressorA","76",0.699999526199045,0.531077976655351
"476","0401010502","StressorA","77",0.699999291574203,0.531077999701813
"477","0401010502","StressorA","78",0.699999373724485,0.531077991632448
"478","0401010502","StressorA","79",0.699999728882012,0.531077956746445
"479","0401010502","StressorA","8",0.699999337168173,0.53107799522326
"480","0401010502","StressorA","80",0.699999485710724,0.531077980632391
"481","0401010502","StressorA","81",0.700000524494738,0.531077878595984
"482","0401010502","StressorA","82",0.699999997606167,0.531077930350532
"483","0401010502","StressorA","83",0.699999803035968,0.531077949462539
"484","0401010502","StressorA","84",0.699999711423201,0.531077958461369
"485","0401010502","StressorA","85",0.700000257535216,0.531077904818543
"486","0401010502","StressorA","86",0.700000644252522,0.531077866832572
"487","0401010502","StressorA","87",0.699999977206361,0.531077932354339
"488","0401010502","StressorA","88",0.699999723478271,0.531077957277238
"489","0401010502","StressorA","89",0.699998806620006,0.531078047337367
"490","0401010502","StressorA","9",0.699999248045527,0.531078003977499
"491","0401010502","StressorA","90",0.699999744914442,0.531077955171631
"492","0401010502","StressorA","91",0.699999009248725,0.531078027433769
"493","0401010502","StressorA","92",0.700000363088494,0.531077894450389
"494","0401010502","StressorA","93",0.699999785665363,0.531077951168798
"495","0401010502","StressorA","94",0.699999343703264,0.531077994581338
"496","0401010502","StressorA","95",0.699999257074527,0.531078003090609
"497","0401010502","StressorA","96",0.700000576587024,0.53107787347913
"498","0401010502","StressorA","97",0.700001068572125,0.531077825153075
"499","0401010502","StressorA","98",0.699999435279331,0.531077985586108
"500","0401010502","StressorA","99",0.699999903236087,0.531077939620201
"501","0401010502","StressorB","1",31.9999999557138,0.680000000442862
"502","0401010502","StressorB","10",32.0000014098997,0.679999985901003
"503","0401010502","StressorB","100",32.0000004802471,0.679999995197529
"504","0401010502","StressorB","11",31.9999989154947,0.680000010845053
"505","0401010502","StressorB","12",32.0000004828127,0.679999995171872
"506","0401010502","StressorB","13",32.0000008586913,0.679999991413087
"507","0401010502","StressorB","14",32.000000669256,0.67999999330744
"508","0401010502","StressorB","15",31.9999990293692,0.680000009706308
"509","0401010502","StressorB","16",31.9999999938398,0.680000000061602
"510","0401010502","StressorB","17",32.0000013244245,0.679999986755755
"511","0401010502","StressorB","18",32.0000003923045,0.679999996076955
"512","0401010502","StressorB","19",31.9999988968536,0.680000011031464
"513","0401010502","StressorB","2",32.0000010640711,0.679999989359289
"514","0401010502","StressorB","20",32.0000010272764,0.679999989727236
"515","0401010502","StressorB","21",32.0000000317309,0.679999999682691
"516","0401010502","StressorB","22",32.0000010800343,0.679999989199657
"517","0401010502","StressorB","23",32.0000002258477,0.679999997741523
"518","0401010502","StressorB","24",31.9999993195242,0.680000006804758
"519","0401010502","StressorB","25",31.9999998751102,0.680000001248898
"520","0401010502","StressorB","26",31.9999995491479,0.680000004508521
"521","0401010502","StressorB","27",32.0000013254559,0.679999986745441
"522","0401010502","StressorB","28",32.0000014933828,0.679999985066172
"523","0401010502","StressorB","29",32.0000009986139,0.679999990013861
"524","0401010502","StressorB","3",31.9999985708125,0.680000014291875
"525","0401010502","StressorB","30",31.999998615133,0.68000001384867
"526","0401010502","StressorB","31",32.0000002007717,0.679999997992283
"527","0401010502","StressorB","32",31.9999998975167,0.680000001024833
"528","0401010502","StressorB","33",32.0000012957671,0.679999987042329
"529","0401010502","StressorB","34",31.9999982469256,0.680000017530744
"530","0401010502","StressorB","35",32.0000002659134,0.679999997340866
"531","0401010502","StressorB","36",32.0000002193294,0.679999997806706
"532","0401010502","StressorB","37",31.9999998896918,0.680000001103082
"533","0401010502","StressorB","38",31.9999997390039,0.680000002609961
"534","0401010502","StressorB","39",32.0000007949254,0.679999992050745
"535","0401010502","StressorB","4",31.9999993940216,0.680000006059784
"536","0401010502","StressorB","40",32.0000006965221,0.679999993034779
"537","0401010502","StressorB","41",32.0000001326771,0.679999998673229
"538","0401010502","StressorB","42",31.9999989920193,0.680000010079807
"539","0401010502","StressorB","43",32.0000001863997,0.679999998136003
"540","0401010502","StressorB","44",32.0000008105778,0.679999991894222
"541","0401010502","StressorB","45",32.0000004744727,0.679999995255273
"542","0401010502","StressorB","46",32.0000004785522,0.679999995214478
"543","0401010502","StressorB","47",31.9999991967882,0.680000008032118
"544","0401010502","StressorB","48",32.0000018638,0.679999981362
"545","0401010502","StressorB","49",32.0000006055445,0.679999993944555
"546","0401010502","StressorB","5",32.000000864378,0.67999999135622
"547","0401010502","StressorB","50",31.9999998440887,0.680000001559113
"548","0401010502","StressorB","51",32.0000009776646,0.679999990223354
"549","0401010502","StressorB","52",31.9999995247517,0.680000004752483
"550","0401010502","StressorB","53",31.9999994361868,0.680000005638132
"551","0401010502","StressorB","54",32.0000007373055,0.679999992626945
"552","0401010502","StressorB","55",31.9999999044733,0.680000000955267
"553","0401010502","StressorB","56",31.999998833373,0.68000001166627
"554","0401010502","StressorB","57",31.999999369451,0.68000000630549
"555","0401010502","StressorB","58",31.9999995102262,0.680000004897738
"556","0401010502","StressorB","59",31.9999992785147,0.680000007214853
"557","0401010502","StressorB","6",32.0000007964982,0.679999992035018
"558","0401010502","StressorB","60",32.0000003627088,0.679999996372912
"559","0401010502","StressorB","61",31.9999995173725,0.680000004826275
"560","0401010502","StressorB","62",32.0000003368249,0.679999996631751
"561","0401010502","StressorB","63",32.0000022926559,0.679999977073441
"562","0401010502","StressorB","64",32.0000010858945,0.679999989141055
"563","0401010502","StressorB","65",31.9999994448472,0.680000005551528
"564","0401010502","StressorB","66",31.9999984690115,0.680000015309885
"565","0401010502","StressorB","67",31.9999996252222,0.680000003747778
"566","0401010502","StressorB","68",32.0000004585702,0.679999995414298
"567","0401010502","StressorB","69",32.0000000630854,0.679999999369146
"568","0401010502","StressorB","7",32.0000015069634,0.679999984930366
"569","0401010502","StressorB","70",31.9999996900576,0.680000003099424
"570","0401010502","StressorB","71",31.9999999126224,0.680000000873776
"571","0401010502","StressorB","72",31.9999982482279,0.680000017517721
"572","0401010502","StressorB","73",31.9999977641418,0.680000022358582
"573","0401010502","StressorB","74",32.0000001834437,0.679999998165563
"574","0401010502","StressorB","75",32.0000017775089,0.679999982224911
"575","0401010502","StressorB","76",31.9999996425141,0.680000003574859
"576","0401010502","StressorB","77",32.0000009364342,0.679999990635658
"577","0401010502","StressorB","78",32.0000007547532,0.679999992452468
"578","0401010502","StressorB","79",31.9999992922553,0.680000007077447
"579","0401010502","StressorB","8",32.0000024801969,0.679999975198031
"580","0401010502","StressorB","80",31.9999988192545,0.680000011807455
"581","0401010502","StressorB","81",31.9999997523118,0.680000002476882
"582","0401010502","StressorB","82",32.0000011635579,0.679999988364421
"583","0401010502","StressorB","83",31.9999989788301,0.680000010211699
"584","0401010502","StressorB","84",31.9999977309447,0.680000022690553
"585","0401010502","StressorB","85",32.000000252589,0.67999999747411
"586","0401010502","StressorB","86",31.9999983651579,0.680000016348421
"587","0401010502","StressorB","87",31.9999991028149,0.680000008971851
"588","0401010502","StressorB","88",32.0000004377114,0.679999995622886
"589","0401010502","StressorB","89",31.9999998594174,0.680000001405826
"590","0401010502","StressorB","9",32.0000003134663,0.679999996865337
"591","0401010502","StressorB","90",32.000000803088,0.679999991969119
"592","0401010502","StressorB","91",31.9999993432864,0.680000006567136
"593","0401010502","StressorB","92",31.9999993877977,0.680000006122023
"594","0401010502","StressorB","93",32.0000018608372,0.679999981391628
"595","0401010502","StressorB","94",32.000000606575,0.67999999393425
"596","0401010502","StressorB","95",31.9999983216841,0.680000016783159
"597","0401010502","StressorB","96",32.0000007035939,0.679999992964061
"598","0401010502","StressorB","97",31.9999993298655,0.680000006701345
"599","0401010502","StressorB","98",32.0000009800235,0.679999990199765
"600","0401010502","StressorB","99",32.0000005196295,0.679999994803705
"601","0401010502","StressorC","1",78.0000005940253,0.0366666656766245
"602","0401010502","StressorC","10",77.9999985066511,0.0366666691555816
"603","0401010502","StressorC","100",78.0000021319696,0.0366666631133839
"604","0401010502","StressorC","11",77.9999994632811,0.0366666675611982
"605","0401010502","StressorC","12",78.0000018406169,0.0366666635989718
"606","0401010502","StressorC","13",78.000000052745,0.0366666665787584
"607","0401010502","StressorC","14",78.0000011882761,0.0366666646862065
"608","0401010502","StressorC","15",78.0000000040883,0.0366666666598529
"609","0401010502","StressorC","16",78.000001350659,0.0366666644155683
"610","0401010502","StressorC","17",78.0000022887003,0.0366666628521662
"611","0401010502","StressorC","18",77.9999995880303,0.0366666673532828
"612","0401010502","StressorC","19",77.9999996777463,0.0366666672037562
"613","0401010502","StressorC","2",78.0000020319891,0.0366666632800182
"614","0401010502","StressorC","20",78.0000002175796,0.036666666304034
"615","0401010502","StressorC","21",77.9999985422433,0.0366666690962611
"616","0401010502","StressorC","22",78.0000004735786,0.036666665877369
"617","0401010502","StressorC","23",78.0000012193627,0.0366666646343955
"618","0401010502","StressorC","24",77.9999980788321,0.0366666698686132
"619","0401010502","StressorC","25",77.9999995270888,0.0366666674548519
"620","0401010502","StressorC","26",77.9999997101025,0.0366666671498291
"621","0401010502","StressorC","27",77.9999986481014,0.0366666689198311
"622","0401010502","StressorC","28",77.99999931537,0.0366666678077166
"623","0401010502","StressorC","29",77.9999986267539,0.0366666689554101
"624","0401010502","StressorC","3",78.0000013158582,0.0366666644735696
"625","0401010502","StressorC","30",77.9999997210142,0.036666667131643
"626","0401010502","StressorC","31",77.9999987612292,0.0366666687312847
"627","0401010502","StressorC","32",77.9999996487619,0.0366666672520635
"628","0401010502","StressorC","33",78.0000000518893,0.0366666665801846
"629","0401010502","StressorC","34",78.0000011476825,0.0366666647538626
"630","0401010502","StressorC","35",77.9999997485773,0.0366666670857045
"631","0401010502","StressorC","36",77.9999988921165,0.0366666685131391
"632","0401010502","StressorC","37",77.9999977075784,0.0366666704873693
"633","0401010502","StressorC","38",78.00000075066,0.0366666654155666
"634","0401010502","StressorC","39",77.9999997901146,0.0366666670164757
"635","0401010502","StressorC","4",78.0000013228548,0.0366666644619087
"636","0401010502","StressorC","40",78.0000011383129,0.0366666647694784
"637","0401010502","StressorC","41",78.0000004489206,0.0366666659184657
"638","0401010502","StressorC","42",77.9999998787601,0.0366666668687332
"639","0401010502","StressorC","43",77.9999992434343,0.0366666679276094
"640","0401010502","StressorC","44",77.9999993597521,0.0366666677337465
"641","0401010502","StressorC","45",78.0000004025976,0.0366666659956707
"642","0401010502","StressorC","46",77.9999995827775,0.0366666673620376
"643","0401010502","StressorC","47",78.0000010031123,0.0366666649948129
"644","0401010502","StressorC","48",78.0000007815937,0.0366666653640106
"645","0401010502","StressorC","49",77.9999986291836,0.0366666689513608
"646","0401010502","StressorC","5",77.9999998563209,0.0366666669061319
"647","0401010502","StressorC","50",77.9999994359861,0.0366666676066898
"648","0401010502","StressorC","51",78.0000004254359,0.0366666659576069
"649","0401010502","StressorC","52",78.0000002060782,0.036666666323203
"650","0401010502","StressorC","53",78.0000010437458,0.0366666649270903
"651","0401010502","StressorC","54",77.9999994625897,0.0366666675623505
"652","0401010502","StressorC","55",78.0000008702244,0.0366666652162927
"653","0401010502","StressorC","56",77.9999989074868,0.036666668487522
"654","0401010502","StressorC","57",78.0000000617613,0.0366666665637311
"655","0401010502","StressorC","58",77.9999987609199,0.0366666687318002
"656","0401010502","StressorC","59",77.9999998528096,0.0366666669119841
"657","0401010502","StressorC","6",78.0000002220472,0.036666666296588
"658","0401010502","StressorC","60",78.0000009911726,0.0366666650147124
"659","0401010502","StressorC","61",78.0000009655215,0.0366666650574642
"660","0401010502","StressorC","62",78.0000002736664,0.036666666210556
"661","0401010502","StressorC","63",77.9999999582983,0.0366666667361695
"662","0401010502","StressorC","64",77.9999997018808,0.036666667163532
"663","0401010502","StressorC","65",78.0000006362678,0.0366666656062204
"664","0401010502","StressorC","66",77.9999973581552,0.0366666710697414
"665","0401010502","StressorC","67",77.9999975835243,0.0366666706941262
"666","0401010502","StressorC","68",77.9999993103784,0.0366666678160361
"667","0401010502","StressorC","69",78.0000012270914,0.0366666646215143
"668","0401010502","StressorC","7",77.9999999651914,0.036666666724681
"669","0401010502","StressorC","70",78.0000008346438,0.0366666652755937
"670","0401010502","StressorC","71",78.0000011606479,0.0366666647322534
"671","0401010502","StressorC","72",77.9999994635681,0.0366666675607199
"672","0401010502","StressorC","73",78.0000027087535,0.0366666621520775
"673","0401010502","StressorC","74",78.0000002716939,0.0366666662138435
"674","0401010502","StressorC","75",77.9999989395499,0.0366666684340836
"675","0401010502","StressorC","76",77.9999987491386,0.0366666687514357
"676","0401010502","StressorC","77",78.000000035181,0.0366666666080316
"677","0401010502","StressorC","78",77.9999997156471,0.0366666671405882
"678","0401010502","StressorC","79",78.0000013768424,0.0366666643719293
"679","0401010502","StressorC","8",77.9999996277947,0.0366666672870088
"680","0401010502","StressorC","80",77.999999933349,0.0366666667777516
"681","0401010502","StressorC","81",77.9999986599345,0.0366666689001092
"682","0401010502","StressorC","82",77.9999997456764,0.0366666670905394
"683","0401010502","StressorC","83",77.999999285039,0.0366666678582683
"684","0401010502","StressorC","84",78.0000007252148,0.0366666654579753
"685","0401010502","StressorC","85",77.9999982339806,0.0366666696100323
"686","0401010502","StressorC","86",78.0000003389286,0.0366666661017857
"687","0401010502","StressorC","87",78.0000005416786,0.036666665763869
"688","0401010502","StressorC","88",78.0000006563669,0.0366666655727219
"689","0401010502","StressorC","89",78.0000000869028,0.0366666665218287
"690","0401010502","StressorC","9",77.9999998006352,0.0366666669989414
"691","0401010502","StressorC","90",78.0000009183575,0.0366666651360709
"692","0401010502","StressorC","91",78.0000012556596,0.0366666645739007
"693","0401010502","StressorC","92",77.9999992685146,0.036666667885809
"694","0401010502","StressorC","93",77.9999994348191,0.0366666676086348
"695","0401010502","StressorC","94",77.9999989419425,0.0366666684300959
"696","0401010502","StressorC","95",77.9999995004093,0.0366666674993178
"697","0401010502","StressorC","96",78.0000004408143,0.0366666659319761
"698","0401010502","StressorC","97",77.9999989962702,0.0366666683395497
"699","0401010502","StressorC","98",77.99999906303,0.0366666682282834
"700","0401010502","StressorC","99",78.0000003633917,0.0366666660610138
"701","0401010502","StressorD","1",2.00000282850122,0.2
"702","0401010502","StressorD","10",2.00000002979382,0.2
"703","0401010502","StressorD","100",2.00000038450002,0.2
"704","0401010502","StressorD","11",2.00000654333984,0.2
"705","0401010502","StressorD","12",1.99999978305202,0.2
"706","0401010502","StressorD","13",1.99999739566484,0.2
"707","0401010502","StressorD","14",1.99999970497621,0.2
"708","0401010502","StressorD","15",2.00000175570739,0.2
"709","0401010502","StressorD","16",2.000002198707,0.2
"710","0401010502","StressorD","17",1.99999969318516,0.2
"711","0401010502","StressorD","18",2.0000012189821,0.2
"712","0401010502","StressorD","19",2.00000038471144,0.2
"713","0401010502","StressorD","2",1.99999904480311,0.2
"714","0401010502","StressorD","20",2.00000205438396,0.2
"715","0401010502","StressorD","21",1.9999982387966,0.2
"716","0401010502","StressorD","22",1.99999595706533,0.2
"717","0401010502","StressorD","23",2.00000274128502,0.2
"718","0401010502","StressorD","24",2.0000001236552,0.2
"719","0401010502","StressorD","25",1.99999646903916,0.2
"720","0401010502","StressorD","26",1.99999698764852,0.2
"721","0401010502","StressorD","27",1.99999906953798,0.2
"722","0401010502","StressorD","28",1.99999730454811,0.2
"723","0401010502","StressorD","29",2.00000203910679,0.2
"724","0401010502","StressorD","3",2.0000003544161,0.2
"725","0401010502","StressorD","30",2.00000122266748,0.2
"726","0401010502","StressorD","31",2.00000127363052,0.2
"727","0401010502","StressorD","32",2.00000228505867,0.2
"728","0401010502","StressorD","33",2.00000072295921,0.2
"729","0401010502","StressorD","34",2.00000079206326,0.2
"730","0401010502","StressorD","35",1.99999534894333,0.2
"731","0401010502","StressorD","36",1.99999943389404,0.2
"732","0401010502","StressorD","37",1.99999922033271,0.2
"733","0401010502","StressorD","38",1.99999856335609,0.2
"734","0401010502","StressorD","39",2.00000026543695,0.2
"735","0401010502","StressorD","4",2.00000238045057,0.2
"736","0401010502","StressorD","40",2.00000200262834,0.2
"737","0401010502","StressorD","41",1.99999877822379,0.2
"738","0401010502","StressorD","42",2.00000409149176,0.2
"739","0401010502","StressorD","43",1.99999727712068,0.2
"740","0401010502","StressorD","44",1.99999700289682,0.2
"741","0401010502","StressorD","45",2.00000167053721,0.2
"742","0401010502","StressorD","46",2.00000160003897,0.2
"743","0401010502","StressorD","47",1.99999910636539,0.2
"744","0401010502","StressorD","48",2.00000311126023,0.2
"745","0401010502","StressorD","49",1.99999895398333,0.2
"746","0401010502","StressorD","5",2.00000282960848,0.2
"747","0401010502","StressorD","50",2.00000281205097,0.2
"748","0401010502","StressorD","51",1.99999755430951,0.2
"749","0401010502","StressorD","52",1.99999899771848,0.2
"750","0401010502","StressorD","53",2.00000024266189,0.2
"751","0401010502","StressorD","54",1.99999909052352,0.2
"752","0401010502","StressorD","55",1.99999963140074,0.2
"753","0401010502","StressorD","56",2.00000199876913,0.2
"754","0401010502","StressorD","57",2.00000070337928,0.2
"755","0401010502","StressorD","58",2.0000002887466,0.2
"756","0401010502","StressorD","59",1.99999753497172,0.2
"757","0401010502","StressorD","6",2.00000111351549,0.2
"758","0401010502","StressorD","60",2.00000163861187,0.2
"759","0401010502","StressorD","61",1.99999939369908,0.2
"760","0401010502","StressorD","62",1.99999886995316,0.2
"761","0401010502","StressorD","63",1.9999974223713,0.2
"762","0401010502","StressorD","64",2.00000125537906,0.2
"763","0401010502","StressorD","65",1.99999826850296,0.2
"764","0401010502","StressorD","66",2.00000029265623,0.2
"765","0401010502","StressorD","67",1.99999980070264,0.2
"766","0401010502","StressorD","68",1.99999628617848,0.2
"767","0401010502","StressorD","69",2.00000461775948,0.2
"768","0401010502","StressorD","7",2.00000149799714,0.2
"769","0401010502","StressorD","70",1.99999823360605,0.2
"770","0401010502","StressorD","71",1.99999895605049,0.2
"771","0401010502","StressorD","72",2.00000161819448,0.2
"772","0401010502","StressorD","73",1.99999734866496,0.2
"773","0401010502","StressorD","74",1.99999806816501,0.2
"774","0401010502","StressorD","75",1.99999725060187,0.2
"775","0401010502","StressorD","76",2.00000054928552,0.2
"776","0401010502","StressorD","77",1.99999905803351,0.2
"777","0401010502","StressorD","78",2.00000282755059,0.2
"778","0401010502","StressorD","79",1.9999999593733,0.2
"779","0401010502","StressorD","8",2.00000213299008,0.2
"780","0401010502","StressorD","80",1.99999952863009,0.2
"781","0401010502","StressorD","81",2.00000073989338,0.2
"782","0401010502","StressorD","82",2.00000029337468,0.2
"783","0401010502","StressorD","83",2.0000038004136,0.2
"784","0401010502","StressorD","84",2.00000243061147,0.2
"785","0401010502","StressorD","85",2.0000013545607,0.2
"786","0401010502","StressorD","86",1.99999902188967,0.2
"787","0401010502","StressorD","87",1.99999988053867,0.2
"788","0401010502","StressorD","88",1.99999797034328,0.2
"789","0401010502","StressorD","89",2.00000032903224,0.2
"790","0401010502","StressorD","9",1.99999707736004,0.2
"791","0401010502","StressorD","90",2.00000059645434,0.2
"792","0401010502","StressorD","91",1.9999979168658,0.2
"793","0401010502","StressorD","92",1.99999973341317,0.2
"794","0401010502","StressorD","93",2.00000497051988,0.2
"795","0401010502","StressorD","94",1.99999985253308,0.2
"796","0401010502","StressorD","95",1.99999767868843,0.2
"797","0401010502","StressorD","96",2.00000241446949,0.2
"798","0401010502","StressorD","97",1.99999930910579,0.2
"799","0401010502","StressorD","98",1.99999886114731,0.2
"800","0401010502","StressorD","99",1.99999852450692,0.2
"801","0401020101","StressorA","1",1.99999827108751,0.429884431650893
"802","0401020101","StressorA","10",1.99999838862931,0.429884424758104
"803","0401020101","StressorA","100",1.99999864253168,0.429884409868972
"804","0401020101","StressorA","11",2.00000380587646,0.429884107084806
"805","0401020101","StressorA","12",1.99999864045249,0.429884409990898
"806","0401020101","StressorA","13",1.99999986420881,0.429884338228422
"807","0401020101","StressorA","14",1.99999894730984,0.429884391996427
"808","0401020101","StressorA","15",2.00000041547356,0.429884305901639
"809","0401020101","StressorA","16",2.00000019121553,0.429884319052381
"810","0401020101","StressorA","17",1.99999859068961,0.429884412909051
"811","0401020101","StressorA","18",1.99999743425619,0.429884480723677
"812","0401020101","StressorA","19",1.99999856182605,0.429884414601644
"813","0401020101","StressorA","2",2.00000136850623,0.429884250014755
"814","0401020101","StressorA","20",1.99999758994219,0.429884471594063
"815","0401020101","StressorA","21",1.99999974591776,0.429884345165144
"816","0401020101","StressorA","22",1.99999726816073,0.429884490463714
"817","0401020101","StressorA","23",1.99999877382109,0.429884402170008
"818","0401020101","StressorA","24",2.00000095018655,0.429884274545478
"819","0401020101","StressorA","25",1.99999987573162,0.429884337552712
"820","0401020101","StressorA","26",2.00000038349944,0.429884307776637
"821","0401020101","StressorA","27",2.00000211212786,0.429884206407984
"822","0401020101","StressorA","28",2.00000007928415,0.429884325616162
"823","0401020101","StressorA","29",2.00000111764076,0.42988426472578
"824","0401020101","StressorA","3",2.00000029528832,0.429884312949436
"825","0401020101","StressorA","30",2.00000133414784,0.429884252029568
"826","0401020101","StressorA","31",2.00000020912161,0.429884318002348
"827","0401020101","StressorA","32",1.99999897639017,0.429884390291122
"828","0401020101","StressorA","33",1.99999870486731,0.429884406213538
"829","0401020101","StressorA","34",2.0000022358645,0.429884199151935
"830","0401020101","StressorA","35",1.99999835728388,0.429884426596237
"831","0401020101","StressorA","36",2.00000071184231,0.429884288522247
"832","0401020101","StressorA","37",2.00000155451029,0.429884239107275
"833","0401020101","StressorA","38",2.00000009696871,0.42988432457912
"834","0401020101","StressorA","39",2.00000057676333,0.429884296443428
"835","0401020101","StressorA","4",2.00000000320721,0.4298843300774
"836","0401020101","StressorA","40",1.99999726356575,0.42988449073317
"837","0401020101","StressorA","41",2.00000083268104,0.42988428143613
"838","0401020101","StressorA","42",1.99999722626143,0.42988449292074
"839","0401020101","StressorA","43",1.99999726483217,0.429884490658905
"840","0401020101","StressorA","44",1.99999974263656,0.429884345357557
"841","0401020101","StressorA","45",1.99999912769111,0.429884381418661
"842","0401020101","StressorA","46",2.00000077149717,0.42988428502402
"843","0401020101","StressorA","47",1.99999991891787,0.429884335020222
"844","0401020101","StressorA","48",2.00000157390663,0.429884237969853
"845","0401020101","StressorA","49",2.00000119072165,0.429884260440236
"846","0401020101","StressorA","5",2.00000106889759,0.429884267584133
"847","0401020101","StressorA","50",1.99999744229503,0.429884480252269
"848","0401020101","StressorA","51",2.00000212603479,0.429884205592466
"849","0401020101","StressorA","52",1.9999984899911,0.429884418814129
"850","0401020101","StressorA","53",1.99999973312607,0.429884345915263
"851","0401020101","StressorA","54",2.00000203270712,0.429884211065301
"852","0401020101","StressorA","55",2.00000132807839,0.429884252385488
"853","0401020101","StressorA","56",2.00000088871212,0.429884278150406
"854","0401020101","StressorA","57",1.99999982633243,0.429884340449536
"855","0401020101","StressorA","58",1.99999969698466,0.429884348034636
"856","0401020101","StressorA","59",2.00000029457761,0.429884312991112
"857","0401020101","StressorA","6",1.99999752415775,0.429884475451741
"858","0401020101","StressorA","60",1.99999663352915,0.429884527679282
"859","0401020101","StressorA","61",2.00000250924422,0.42988418312066
"860","0401020101","StressorA","62",1.99999883076492,0.429884398830756
"861","0401020101","StressorA","63",2.00000276862107,0.429884167910529
"862","0401020101","StressorA","64",1.99999947149075,0.429884361257856
"863","0401020101","StressorA","65",2.00000084218288,0.429884280878932
"864","0401020101","StressorA","66",1.99999825556726,0.429884432561018
"865","0401020101","StressorA","67",1.99999998964902,0.429884330872467
"866","0401020101","StressorA","68",2.00000173139066,0.42988422873482
"867","0401020101","StressorA","69",1.99999827964925,0.429884431148822
"868","0401020101","StressorA","7",1.99999975488399,0.429884344639353
"869","0401020101","StressorA","70",2.0000020004366,0.429884212957678
"870","0401020101","StressorA","71",2.00000182089212,0.429884223486359
"871","0401020101","StressorA","72",1.99999969296414,0.429884348270404
"872","0401020101","StressorA","73",1.99999624018704,0.429884550745346
"873","0401020101","StressorA","74",1.99999916752857,0.429884379082546
"874","0401020101","StressorA","75",2.00000076766433,0.429884285248782
"875","0401020101","StressorA","76",2.00000269733471,0.429884172090836
"876","0401020101","StressorA","77",2.0000010442326,0.429884269030514
"877","0401020101","StressorA","78",1.99999982993349,0.429884340238366
"878","0401020101","StressorA","79",1.99999747475432,0.429884478348817
"879","0401020101","StressorA","8",1.99999571651181,0.429884581454314
"880","0401020101","StressorA","80",1.99999843150806,0.429884422243644
"881","0401020101","StressorA","81",2.00000149479388,0.429884242609111
"882","0401020101","StressorA","82",1.99999962474898,0.429884352270618
"883","0401020101","StressorA","83",2.00000188707465,0.429884219605344
"884","0401020101","StressorA","84",1.99999955979211,0.429884356079763
"885","0401020101","StressorA","85",2.00000422056072,0.429884082767302
"886","0401020101","StressorA","86",1.99999981158691,0.42988434131423
"887","0401020101","StressorA","87",1.99999968612002,0.429884348671751
"888","0401020101","StressorA","88",1.99999898447453,0.429884389817046
"889","0401020101","StressorA","89",1.99999928213934,0.429884372361639
"890","0401020101","StressorA","9",2.00000050205534,0.429884300824387
"891","0401020101","StressorA","90",1.99999821508136,0.429884434935159
"892","0401020101","StressorA","91",2.00000076465905,0.429884285425015
"893","0401020101","StressorA","92",1.99999975412926,0.429884344683612
"894","0401020101","StressorA","93",1.99999962099685,0.429884352490648
"895","0401020101","StressorA","94",1.99999907537526,0.429884384486522
"896","0401020101","StressorA","95",2.00000157118342,0.429884238129545
"897","0401020101","StressorA","96",1.99999902125395,0.429884387660258
"898","0401020101","StressorA","97",2.0000024359399,0.429884187419302
"899","0401020101","StressorA","98",2.00000120618411,0.429884259533501
"900","0401020101","StressorA","99",1.99999715993792,0.42988449681003
"901","0401020101","StressorB","1",69.9999982208583,0.200000026687125
"902","0401020101","StressorB","10",69.9999996256921,0.200000005614619
"903","0401020101","StressorB","100",70.000000242494,0.199999998383373
"904","0401020101","StressorB","11",70.0000011475576,0.199999992349616
"905","0401020101","StressorB","12",70.0000008335754,0.199999994442831
"906","0401020101","StressorB","13",69.9999982326826,0.200000026509761
"907","0401020101","StressorB","14",70.0000002234554,0.199999998510298
"908","0401020101","StressorB","15",69.9999993043646,0.200000010434531
"909","0401020101","StressorB","16",70.0000006834768,0.199999995443488
"910","0401020101","StressorB","17",69.999998619285,0.200000020710724
"911","0401020101","StressorB","18",69.9999985952039,0.200000021071941
"912","0401020101","StressorB","19",70.000001367652,0.19999999088232
"913","0401020101","StressorB","2",70.0000002807092,0.199999998128605
"914","0401020101","StressorB","20",69.9999995405287,0.20000000689207
"915","0401020101","StressorB","21",70.0000014984007,0.199999990010662
"916","0401020101","StressorB","22",69.9999983883088,0.200000024175368
"917","0401020101","StressorB","23",69.9999992148837,0.200000011776744
"918","0401020101","StressorB","24",69.9999997005356,0.200000004491966
"919","0401020101","StressorB","25",70.0000000323399,0.199999999784401
"920","0401020101","StressorB","26",70.000000109823,0.199999999267847
"921","0401020101","StressorB","27",69.9999988606506,0.200000017090241
"922","0401020101","StressorB","28",70.0000010267748,0.199999993154835
"923","0401020101","StressorB","29",69.9999993012095,0.200000010481857
"924","0401020101","StressorB","3",70.0000008225488,0.199999994516341
"925","0401020101","StressorB","30",70.0000006207002,0.199999995861999
"926","0401020101","StressorB","31",69.9999990012886,0.200000014980671
"927","0401020101","StressorB","32",70.0000001256938,0.199999999162041
"928","0401020101","StressorB","33",70.0000012494293,0.199999991670471
"929","0401020101","StressorB","34",69.999999523781,0.200000007143284
"930","0401020101","StressorB","35",70.0000019780917,0.199999986812722
"931","0401020101","StressorB","36",70.0000012870401,0.199999991419733
"932","0401020101","StressorB","37",69.9999995009016,0.200000007486477
"933","0401020101","StressorB","38",69.9999993076402,0.200000010385397
"934","0401020101","StressorB","39",69.9999979054274,0.200000031418589
"935","0401020101","StressorB","4",70.0000006220986,0.199999995852676
"936","0401020101","StressorB","40",70.000000622924,0.199999995847173
"937","0401020101","StressorB","41",70.0000000277351,0.1999999998151
"938","0401020101","StressorB","42",69.9999994016103,0.200000008975846
"939","0401020101","StressorB","43",70.0000000977531,0.199999999348313
"940","0401020101","StressorB","44",69.9999998866102,0.200000001700847
"941","0401020101","StressorB","45",69.9999998941951,0.200000001587074
"942","0401020101","StressorB","46",69.999999069007,0.200000013964895
"943","0401020101","StressorB","47",70.000000806299,0.199999994624673
"944","0401020101","StressorB","48",69.9999998283618,0.200000002574572
"945","0401020101","StressorB","49",69.9999986707203,0.200000019939195
"946","0401020101","StressorB","5",69.9999989897065,0.200000015154403
"947","0401020101","StressorB","50",69.9999988387467,0.200000017418799
"948","0401020101","StressorB","51",69.9999996345897,0.200000005481155
"949","0401020101","StressorB","52",70.0000004269744,0.199999997153504
"950","0401020101","StressorB","53",69.9999993748596,0.200000009377106
"951","0401020101","StressorB","54",69.999998848116,0.20000001727826
"952","0401020101","StressorB","55",69.9999999732058,0.200000000401914
"953","0401020101","StressorB","56",70.0000015411334,0.199999989725778
"954","0401020101","StressorB","57",70.0000006530161,0.199999995646559
"955","0401020101","StressorB","58",70.0000009086995,0.199999993942003
"956","0401020101","StressorB","59",70.0000007715248,0.199999994856501
"957","0401020101","StressorB","6",70.0000001281634,0.199999999145577
"958","0401020101","StressorB","60",70.0000010719158,0.199999992853895
"959","0401020101","StressorB","61",69.9999989470043,0.200000015794935
"960","0401020101","StressorB","62",70.000001229518,0.199999991803213
"961","0401020101","StressorB","63",69.9999995103211,0.200000007345183
"962","0401020101","StressorB","64",70.0000024853749,0.199999983430834
"963","0401020101","StressorB","65",70.0000006802183,0.199999995465211
"964","0401020101","StressorB","66",69.9999986308731,0.200000020536903
"965","0401020101","StressorB","67",69.9999996087218,0.200000005869174
"966","0401020101","StressorB","68",70.0000003246859,0.199999997835427
"967","0401020101","StressorB","69",69.9999989912802,0.200000015130797
"968","0401020101","StressorB","7",70.0000003821797,0.199999997452135
"969","0401020101","StressorB","70",69.999999356236,0.20000000965646
"970","0401020101","StressorB","71",70.0000014957246,0.199999990028503
"971","0401020101","StressorB","72",69.9999985486506,0.200000021770241
"972","0401020101","StressorB","73",70.0000001929588,0.199999998713608
"973","0401020101","StressorB","74",70.0000006158862,0.199999995894092
"974","0401020101","StressorB","75",70.0000000579653,0.199999999613564
"975","0401020101","StressorB","76",69.9999995812323,0.200000006281516
"976","0401020101","StressorB","77",69.9999984023843,0.200000023964235
"977","0401020101","StressorB","78",69.9999986435953,0.20000002034607
"978","0401020101","StressorB","79",69.9999985603026,0.200000021595461
"979","0401020101","StressorB","8",70.0000008027221,0.19999999464852
"980","0401020101","StressorB","80",69.9999988253119,0.200000017620321
"981","0401020101","StressorB","81",69.999999829481,0.200000002557785
"982","0401020101","StressorB","82",69.999999745676,0.200000003814861
"983","0401020101","StressorB","83",70.0000004779262,0.199999996813825
"984","0401020101","StressorB","84",69.9999984686001,0.200000022970999
"985","0401020101","StressorB","85",70.0000018891282,0.199999987405812
"986","0401020101","StressorB","86",69.9999993993321,0.200000009010018
"987","0401020101","StressorB","87",69.9999998387192,0.200000002419213
"988","0401020101","StressorB","88",69.9999996646372,0.200000005030442
"989","0401020101","StressorB","89",70.0000005144524,0.199999996570318
"990","0401020101","StressorB","9",69.9999995713539,0.200000006429692
"991","0401020101","StressorB","90",70.0000010798961,0.199999992800693
"992","0401020101","StressorB","91",69.9999982601376,0.200000026097936
"993","0401020101","StressorB","92",70.000000181654,0.199999998788973
"994","0401020101","StressorB","93",69.9999985532116,0.200000021701826
"995","0401020101","StressorB","94",70.0000000585284,0.199999999609811
"996","0401020101","StressorB","95",70.0000019487736,0.199999987008176
"997","0401020101","StressorB","96",69.9999998826629,0.200000001760056
"998","0401020101","StressorB","97",70.0000013968537,0.199999990687642
"999","0401020101","StressorB","98",69.9999996436637,0.200000005345045
"1000","0401020101","StressorB","99",70.0000015715973,0.199999989522685
"1001","0401020101","StressorC","1",10.0000008855108,0.649999984503562
"1002","0401020101","StressorC","10",10.0000000581179,0.649999998982937
"1003","0401020101","StressorC","100",9.99999943672962,0.650000019714464
"1004","0401020101","StressorC","11",10.0000005069605,0.649999991128192
"1005","0401020101","StressorC","12",10.0000004072535,0.649999992873064
"1006","0401020101","StressorC","13",9.99999947835738,0.650000018257492
"1007","0401020101","StressorC","14",9.99999908826032,0.650000031910889
"1008","0401020101","StressorC","15",9.99999992377563,0.650000002667853
"1009","0401020101","StressorC","16",10.0000005274488,0.649999990769647
"1010","0401020101","StressorC","17",9.99999902658977,0.650000034069358
"1011","0401020101","StressorC","18",9.9999990963334,0.650000031628331
"1012","0401020101","StressorC","19",10.0000005847912,0.649999989766154
"1013","0401020101","StressorC","2",9.99999831197424,0.650000059080902
"1014","0401020101","StressorC","20",9.99999918218424,0.650000028623551
"1015","0401020101","StressorC","21",9.99999942759961,0.650000020034014
"1016","0401020101","StressorC","22",9.999999811598,0.65000000659407
"1017","0401020101","StressorC","23",9.99999997330221,0.650000000934423
"1018","0401020101","StressorC","24",9.99999868707701,0.650000045952305
"1019","0401020101","StressorC","25",10.0000010270382,0.649999982026831
"1020","0401020101","StressorC","26",10.0000005570501,0.649999990251624
"1021","0401020101","StressorC","27",9.9999989062028,0.650000038282902
"1022","0401020101","StressorC","28",10.0000005211273,0.649999990880273
"1023","0401020101","StressorC","29",10.0000005326232,0.649999990679094
"1024","0401020101","StressorC","3",10.0000015907737,0.64999997216146
"1025","0401020101","StressorC","30",9.99999948280388,0.650000018101864
"1026","0401020101","StressorC","31",9.99999847739407,0.650000053291208
"1027","0401020101","StressorC","32",9.99999986975134,0.650000004558703
"1028","0401020101","StressorC","33",10.0000003923929,0.649999993133125
"1029","0401020101","StressorC","34",10.0000014894298,0.649999973934978
"1030","0401020101","StressorC","35",9.99999840350929,0.650000055877175
"1031","0401020101","StressorC","36",9.99999893748859,0.650000037187899
"1032","0401020101","StressorC","37",10.0000012778192,0.649999977638165
"1033","0401020101","StressorC","38",10.0000006935413,0.649999987863028
"1034","0401020101","StressorC","39",10.0000001084505,0.649999998102116
"1035","0401020101","StressorC","4",9.99999891427968,0.650000038000211
"1036","0401020101","StressorC","40",9.99999932471209,0.650000023635077
"1037","0401020101","StressorC","41",9.99999986622184,0.650000004682236
"1038","0401020101","StressorC","42",10.000001228427,0.649999978502527
"1039","0401020101","StressorC","43",9.99999978608217,0.650000007487124
"1040","0401020101","StressorC","44",9.99999927280566,0.650000025451802
"1041","0401020101","StressorC","45",10.0000004212574,0.649999992627996
"1042","0401020101","StressorC","46",10.0000005386656,0.649999990573352
"1043","0401020101","StressorC","47",9.99999949972547,0.650000017509609
"1044","0401020101","StressorC","48",10.0000004530755,0.649999992071179
"1045","0401020101","StressorC","49",10.0000008955894,0.649999984327185
"1046","0401020101","StressorC","5",10.0000002935903,0.64999999486217
"1047","0401020101","StressorC","50",9.99999942516244,0.650000020119315
"1048","0401020101","StressorC","51",10.0000016150349,0.64999997173689
"1049","0401020101","StressorC","52",9.99999975653251,0.650000008521362
"1050","0401020101","StressorC","53",10.0000002389211,0.649999995818881
"1051","0401020101","StressorC","54",9.99999957876698,0.650000014743156
"1052","0401020101","StressorC","55",9.99999913427438,0.650000030300397
"1053","0401020101","StressorC","56",9.99999965564733,0.650000012052343
"1054","0401020101","StressorC","57",9.99999917407889,0.650000028907239
"1055","0401020101","StressorC","58",9.99999924678629,0.65000002636248
"1056","0401020101","StressorC","59",10.0000003165651,0.649999994460111
"1057","0401020101","StressorC","6",9.99999922179889,0.650000027237039
"1058","0401020101","StressorC","60",10.0000002172674,0.649999996197821
"1059","0401020101","StressorC","61",10.0000006499825,0.649999988625306
"1060","0401020101","StressorC","62",9.99999918872133,0.650000028394754
"1061","0401020101","StressorC","63",9.99999877227586,0.650000042970345
"1062","0401020101","StressorC","64",9.99999857728961,0.650000049794863
"1063","0401020101","StressorC","65",10.0000011499764,0.649999979875413
"1064","0401020101","StressorC","66",10.0000023337701,0.649999959159024
"1065","0401020101","StressorC","67",9.99999883768979,0.650000040680857
"1066","0401020101","StressorC","68",10.0000008892419,0.649999984438268
"1067","0401020101","StressorC","69",9.99999875852642,0.650000043451575
"1068","0401020101","StressorC","7",10.0000008842746,0.649999984525195
"1069","0401020101","StressorC","70",9.99999797301312,0.650000070944541
"1070","0401020101","StressorC","71",9.99999947244005,0.650000018464598
"1071","0401020101","StressorC","72",10.0000021715339,0.649999961998157
"1072","0401020101","StressorC","73",10.0000014234163,0.649999975090214
"1073","0401020101","StressorC","74",9.99999989826531,0.650000003560714
"1074","0401020101","StressorC","75",10.0000000243275,0.649999999574269
"1075","0401020101","StressorC","76",9.99999916453039,0.650000029241436
"1076","0401020101","StressorC","77",10.0000000211321,0.649999999630188
"1077","0401020101","StressorC","78",9.99999931513614,0.650000023970235
"1078","0401020101","StressorC","79",9.99999911899468,0.650000030835186
"1079","0401020101","StressorC","8",9.99999874832198,0.650000043808731
"1080","0401020101","StressorC","80",10.0000002892592,0.649999994937965
"1081","0401020101","StressorC","81",9.99999969716157,0.650000010599345
"1082","0401020101","StressorC","82",10.0000014804833,0.649999974091542
"1083","0401020101","StressorC","83",9.99999980843168,0.650000006704891
"1084","0401020101","StressorC","84",9.99999877058192,0.650000043029633
"1085","0401020101","StressorC","85",10.0000014067913,0.649999975381153
"1086","0401020101","StressorC","86",9.99999809187683,0.650000066784311
"1087","0401020101","StressorC","87",9.99999998549338,0.650000000507732
"1088","0401020101","StressorC","88",10.0000006388736,0.649999988819712
"1089","0401020101","StressorC","89",9.99999932812775,0.650000023515529
"1090","0401020101","StressorC","9",10.0000014215589,0.649999975122719
"1091","0401020101","StressorC","90",9.99999983815652,0.650000005664522
"1092","0401020101","StressorC","91",9.999998736622,0.65000004421823
"1093","0401020101","StressorC","92",10.0000008002778,0.649999985995139
"1094","0401020101","StressorC","93",10.0000006505523,0.649999988615334
"1095","0401020101","StressorC","94",9.99999895548116,0.65000003655816
"1096","0401020101","StressorC","95",10.0000025812545,0.649999954828047
"1097","0401020101","StressorC","96",10.0000004472135,0.649999992173764
"1098","0401020101","StressorC","97",9.99999967065498,0.650000011527076
"1099","0401020101","StressorC","98",10.000000433674,0.649999992410704
"1100","0401020101","StressorC","99",10.0000018379786,0.649999967835375
"1101","0401020101","StressorD","1",0.100000010335403,1
"1102","0401020101","StressorD","10",0.100000157360508,1
"1103","0401020101","StressorD","100",0.100000126010179,1
"1104","0401020101","StressorD","11",0.100000067509968,1
"1105","0401020101","StressorD","12",0.100000165099608,1
"1106","0401020101","StressorD","13",0.100000116421106,1
"1107","0401020101","StressorD","14",0.100000053994094,1
"1108","0401020101","StressorD","15",0.100000094264324,1
"1109","0401020101","StressorD","16",0.100000049219733,1
"1110","0401020101","StressorD","17",0.100000048970838,1
"1111","0401020101","StressorD","18",0.100000027326149,1
"1112","0401020101","StressorD","19",0.10000008406217,1
"1113","0401020101","StressorD","2",0.100000027007776,1
"1114","0401020101","StressorD","20",0.100000098953328,1
"1115","0401020101","StressorD","21",0.10000019194875,1
"1116","0401020101","StressorD","22",0.100000100056728,1
"1117","0401020101","StressorD","23",0.100000220475997,1
"1118","0401020101","StressorD","24",0.100000198711359,1
"1119","0401020101","StressorD","25",0.100000032349177,1
"1120","0401020101","StressorD","26",0.100000011750684,1
"1121","0401020101","StressorD","27",0.10000013755063,1
"1122","0401020101","StressorD","28",0.100000024033176,1
"1123","0401020101","StressorD","29",0.100000076044279,1
"1124","0401020101","StressorD","3",0.10000012141645,1
"1125","0401020101","StressorD","30",0.100000016186851,1
"1126","0401020101","StressorD","31",0.100000026425519,1
"1127","0401020101","StressorD","32",0.100000074722526,1
"1128","0401020101","StressorD","33",0.100000084732702,1
"1129","0401020101","StressorD","34",0.100000175006462,1
"1130","0401020101","StressorD","35",0.100000068775351,1
"1131","0401020101","StressorD","36",0.100000010727956,1
"1132","0401020101","StressorD","37",0.100000027369636,1
"1133","0401020101","StressorD","38",0.100000012025159,1
"1134","0401020101","StressorD","39",0.100000045337068,1
"1135","0401020101","StressorD","4",0.100000152943073,1
"1136","0401020101","StressorD","40",0.1000000526309,1
"1137","0401020101","StressorD","41",0.100000006609246,1
"1138","0401020101","StressorD","42",0.100000053654022,1
"1139","0401020101","StressorD","43",0.10000016488092,1
"1140","0401020101","StressorD","44",0.100000089372979,1
"1141","0401020101","StressorD","45",0.100000153841287,1
"1142","0401020101","StressorD","46",0.100000029663685,1
"1143","0401020101","StressorD","47",0.100000167238162,1
"1144","0401020101","StressorD","48",0.100000075482676,1
"1145","0401020101","StressorD","49",0.10000000889109,1
"1146","0401020101","StressorD","5",0.100000096861654,1
"1147","0401020101","StressorD","50",0.100000196212427,1
"1148","0401020101","StressorD","51",0.100000012408543,1
"1149","0401020101","StressorD","52",0.100000013001712,1
"1150","0401020101","StressorD","53",0.100000122678454,1
"1151","0401020101","StressorD","54",0.10000002379581,1
"1152","0401020101","StressorD","55",0.100000195124088,1
"1153","0401020101","StressorD","56",0.100000146726858,1
"1154","0401020101","StressorD","57",0.100000053612881,1
"1155","0401020101","StressorD","58",0.10000000150097,1
"1156","0401020101","StressorD","59",0.100000100402874,1
"1157","0401020101","StressorD","6",0.100000123084306,1
"1158","0401020101","StressorD","60",0.100000070829973,1
"1159","0401020101","StressorD","61",0.100000081958551,1
"1160","0401020101","StressorD","62",0.100000000908963,1
"1161","0401020101","StressorD","63",0.100000369687978,1
"1162","0401020101","StressorD","64",0.100000013313833,1
"1163","0401020101","StressorD","65",0.100000014595712,1
"1164","0401020101","StressorD","66",0.100000015818536,1
"1165","0401020101","StressorD","67",0.100000026629071,1
"1166","0401020101","StressorD","68",0.10000021049099,1
"1167","0401020101","StressorD","69",0.100000081865497,1
"1168","0401020101","StressorD","7",0.100000085320965,1
"1169","0401020101","StressorD","70",0.100000001444393,1
"1170","0401020101","StressorD","71",0.100000092980602,1
"1171","0401020101","StressorD","72",0.100000085843431,1
"1172","0401020101","StressorD","73",0.100000014188161,1
"1173","0401020101","StressorD","74",0.100000130970916,1
"1174","0401020101","StressorD","75",0.100000120431962,1
"1175","0401020101","StressorD","76",0.100000057417023,1
"1176","0401020101","StressorD","77",0.100000006924996,1
"1177","0401020101","StressorD","78",0.100000110241189,1
"1178","0401020101","StressorD","79",0.100000195238697,1
"1179","0401020101","StressorD","8",0.100000072406193,1
"1180","0401020101","StressorD","80",0.100000000123125,1
"1181","0401020101","StressorD","81",0.100000058722982,1
"1182","0401020101","StressorD","82",0.100000065713565,1
"1183","0401020101","StressorD","83",0.10000007009517,1
"1184","0401020101","StressorD","84",0.100000031488208,1
"1185","0401020101","StressorD","85",0.100000061301105,1
"1186","0401020101","StressorD","86",0.100000022542649,1
"1187","0401020101","StressorD","87",0.100000058057984,1
"1188","0401020101","StressorD","88",0.100000216887424,1
"1189","0401020101","StressorD","89",0.10000011420843,1
"1190","0401020101","StressorD","9",0.100000038693398,1
"1191","0401020101","StressorD","90",0.100000001873797,1
"1192","0401020101","StressorD","91",0.100000050183495,1
"1193","0401020101","StressorD","92",0.100000000616068,1
"1194","0401020101","StressorD","93",0.100000063587848,1
"1195","0401020101","StressorD","94",0.100000151823974,1
"1196","0401020101","StressorD","95",0.100000017446213,1
"1197","0401020101","StressorD","96",0.100000104761457,1
"1198","0401020101","StressorD","97",0.100000137618788,1
"1199","0401020101","StressorD","98",0.100000039324962,1
"1200","0401020101","StressorD","99",0.100000262373853,1
"1201","0402040101","StressorA","1",14.9999887296946,0.197410018034978
"1202","0402040101","StressorA","10",14.9999981599629,0.197409988325854
"1203","0402040101","StressorA","100",15.0000057016533,0.197409964566521
"1204","0402040101","StressorA","11",15.0000015902478,0.197409977519087
"1205","0402040101","StressorA","12",15.0000159936547,0.19740993214263
"1206","0402040101","StressorA","13",14.9999844450157,0.197410031533439
"1207","0402040101","StressorA","14",14.9999950601956,0.197409998091361
"1208","0402040101","StressorA","15",14.999980956161,0.197410042524737
"1209","0402040101","StressorA","16",14.9999884350447,0.197410018963243
"1210","0402040101","StressorA","17",15.0000138927763,0.197409938761229
"1211","0402040101","StressorA","18",15.0000077942675,0.197409957973953
"1212","0402040101","StressorA","19",15.0000025766345,0.197409974411575
"1213","0402040101","StressorA","2",14.9999986173159,0.197409986885009
"1214","0402040101","StressorA","20",14.9999645848951,0.197410094100856
"1215","0402040101","StressorA","21",15.0000266983694,0.197409898418552
"1216","0402040101","StressorA","22",14.9999910519553,0.197410010718924
"1217","0402040101","StressorA","23",15.0000019016509,0.197409976538042
"1218","0402040101","StressorA","24",14.9999954163872,0.197409996969215
"1219","0402040101","StressorA","25",14.9999749044322,0.197410061590128
"1220","0402040101","StressorA","26",15.000004636667,0.197409967921652
"1221","0402040101","StressorA","27",14.9999779335363,0.197410052047225
"1222","0402040101","StressorA","28",14.9999868381725,0.197410023994033
"1223","0402040101","StressorA","29",14.9999948657869,0.197409998703826
"1224","0402040101","StressorA","3",15.0000015767562,0.19740997756159
"1225","0402040101","StressorA","30",15.0000313774286,0.197409883677675
"1226","0402040101","StressorA","31",14.9999907061833,0.197410011808245
"1227","0402040101","StressorA","32",14.9999996178163,0.197409983733033
"1228","0402040101","StressorA","33",14.9999917653349,0.197410008471492
"1229","0402040101","StressorA","34",15.0000146289413,0.197409936442017
"1230","0402040101","StressorA","35",15.0000204537539,0.197409918091553
"1231","0402040101","StressorA","36",15.0000010249181,0.197409979300101
"1232","0402040101","StressorA","37",15.0000323595744,0.19740988058353
"1233","0402040101","StressorA","38",14.9999832334307,0.19741003535042
"1234","0402040101","StressorA","39",15.0000243674486,0.197409905761871
"1235","0402040101","StressorA","4",14.9999724129437,0.197410069439325
"1236","0402040101","StressorA","40",14.9999976112234,0.197409990054603
"1237","0402040101","StressorA","41",15.000016116078,0.197409931756948
"1238","0402040101","StressorA","42",15.0000030267808,0.197409972993434
"1239","0402040101","StressorA","43",15.0000120352296,0.197409944613238
"1240","0402040101","StressorA","44",15.0000269165771,0.197409897731112
"1241","0402040101","StressorA","45",14.9999785885464,0.197410049983679
"1242","0402040101","StressorA","46",14.9999947157102,0.197409999176628
"1243","0402040101","StressorA","47",14.9999980051259,0.197409988813652
"1244","0402040101","StressorA","48",15.0000060672548,0.19740996341473
"1245","0402040101","StressorA","49",15.0000018295606,0.197409976765156
"1246","0402040101","StressorA","5",15.0000016483575,0.197409977336018
"1247","0402040101","StressorA","50",15.000002589131,0.197409974372206
"1248","0402040101","StressorA","51",15.0000092182373,0.197409953487882
"1249","0402040101","StressorA","52",15.0000138958026,0.197409938751695
"1250","0402040101","StressorA","53",14.9999574281041,0.197410116647664
"1251","0402040101","StressorA","54",14.9999848231724,0.197410030342093
"1252","0402040101","StressorA","55",14.999983381765,0.197410034883107
"1253","0402040101","StressorA","56",14.9999744087254,0.197410063151805
"1254","0402040101","StressorA","57",15.0000095860716,0.197409952329058
"1255","0402040101","StressorA","58",14.9999908107407,0.197410011478847
"1256","0402040101","StressorA","59",15.0000109411081,0.197409948060155
"1257","0402040101","StressorA","6",15.0000132707141,0.197409940720972
"1258","0402040101","StressorA","60",14.9999945068076,0.197409999834755
"1259","0402040101","StressorA","61",14.9999975222989,0.19740999033475
"1260","0402040101","StressorA","62",15.0000095674373,0.197409952387763
"1261","0402040101","StressorA","63",14.9999985658901,0.197409987047021
"1262","0402040101","StressorA","64",14.9999900867231,0.197410013759793
"1263","0402040101","StressorA","65",15.0000010890769,0.197409979097975
"1264","0402040101","StressorA","66",15.0000063307331,0.197409962584669
"1265","0402040101","StressorA","67",15.0000295617234,0.19740988939786
"1266","0402040101","StressorA","68",15.0000142409716,0.197409937664276
"1267","0402040101","StressorA","69",14.9999864522157,0.197410025209952
"1268","0402040101","StressorA","7",14.9999956159558,0.197409996340494
"1269","0402040101","StressorA","70",14.9999862222487,0.19741002593444
"1270","0402040101","StressorA","71",14.9999996976687,0.197409983481466
"1271","0402040101","StressorA","72",15.0000116770093,0.197409945741774
"1272","0402040101","StressorA","73",14.9999865923284,0.19741002476854
"1273","0402040101","StressorA","74",14.9999750491782,0.197410061134119
"1274","0402040101","StressorA","75",14.9999915738266,0.19741000907482
"1275","0402040101","StressorA","76",14.9999869507089,0.197410023639497
"1276","0402040101","StressorA","77",14.9999991396337,0.197409985239499
"1277","0402040101","StressorA","78",15.0000256029259,0.19740990186963
"1278","0402040101","StressorA","79",14.9999965283021,0.197409993466238
"1279","0402040101","StressorA","8",15.0000172375935,0.19740992822373
"1280","0402040101","StressorA","80",15.0000062172332,0.197409962942239
"1281","0402040101","StressorA","81",15.0000187240046,0.197409923540947
"1282","0402040101","StressorA","82",14.9999930130507,0.197410004540687
"1283","0402040101","StressorA","83",15.0000059169471,0.197409963888259
"1284","0402040101","StressorA","84",14.9999852766338,0.197410028913508
"1285","0402040101","StressorA","85",15.0000095544035,0.197409952428825
"1286","0402040101","StressorA","86",14.9999982397015,0.197409988074645
"1287","0402040101","StressorA","87",15.0000148389294,0.197409935780472
"1288","0402040101","StressorA","88",15.000009471273,0.197409952690719
"1289","0402040101","StressorA","89",14.9999964873824,0.197409993595151
"1290","0402040101","StressorA","9",15.0000023991523,0.197409974970714
"1291","0402040101","StressorA","90",14.9999822955762,0.19741003830504
"1292","0402040101","StressorA","91",14.9999791740331,0.197410048139159
"1293","0402040101","StressorA","92",14.999993322874,0.19741000356462
"1294","0402040101","StressorA","93",15.0000015393502,0.197409977679434
"1295","0402040101","StressorA","94",14.9999699998988,0.197410077041395
"1296","0402040101","StressorA","95",14.9999945906986,0.197409999570464
"1297","0402040101","StressorA","96",15.0000145370871,0.197409936731395
"1298","0402040101","StressorA","97",14.9999980098194,0.197409988798866
"1299","0402040101","StressorA","98",15.000005028842,0.197409966686144
"1300","0402040101","StressorA","99",14.9999913704163,0.197410009715644
"1301","0402040101","StressorB","1",45.0000007499785,0.549999992500215
"1302","0402040101","StressorB","10",45.0000000865364,0.549999999134636
"1303","0402040101","StressorB","100",44.9999992298661,0.550000007701339
"1304","0402040101","StressorB","11",44.9999986346116,0.550000013653884
"1305","0402040101","StressorB","12",45.0000002544318,0.549999997455682
"1306","0402040101","StressorB","13",44.9999978545911,0.550000021454089
"1307","0402040101","StressorB","14",44.9999992076097,0.550000007923903
"1308","0402040101","StressorB","15",44.9999982299986,0.550000017700014
"1309","0402040101","StressorB","16",45.0000009217303,0.549999990782696
"1310","0402040101","StressorB","17",45.0000000998749,0.549999999001251
"1311","0402040101","StressorB","18",44.9999983848777,0.550000016151223
"1312","0402040101","StressorB","19",44.9999995448246,0.550000004551754
"1313","0402040101","StressorB","2",44.9999999227272,0.550000000772728
"1314","0402040101","StressorB","20",45.000000596823,0.54999999403177
"1315","0402040101","StressorB","21",45.0000003289862,0.549999996710138
"1316","0402040101","StressorB","22",45.0000009507325,0.549999990492675
"1317","0402040101","StressorB","23",44.999999201543,0.55000000798457
"1318","0402040101","StressorB","24",45.0000012407781,0.549999987592219
"1319","0402040101","StressorB","25",45.0000020653714,0.549999979346286
"1320","0402040101","StressorB","26",44.9999980059254,0.550000019940746
"1321","0402040101","StressorB","27",44.9999999145105,0.550000000854895
"1322","0402040101","StressorB","28",44.9999998614824,0.550000001385176
"1323","0402040101","StressorB","29",44.9999991161167,0.550000008838833
"1324","0402040101","StressorB","3",44.9999994223826,0.550000005776174
"1325","0402040101","StressorB","30",45.00000020401,0.5499999979599
"1326","0402040101","StressorB","31",45.0000006947051,0.549999993052949
"1327","0402040101","StressorB","32",45.0000004734448,0.549999995265552
"1328","0402040101","StressorB","33",44.9999993257078,0.550000006742922
"1329","0402040101","StressorB","34",45.000000043587,0.54999999956413
"1330","0402040101","StressorB","35",44.9999986923579,0.550000013076421
"1331","0402040101","StressorB","36",45.0000002394641,0.549999997605359
"1332","0402040101","StressorB","37",44.9999996840843,0.550000003159157
"1333","0402040101","StressorB","38",45.0000017202336,0.549999982797664
"1334","0402040101","StressorB","39",44.9999980516133,0.550000019483867
"1335","0402040101","StressorB","4",45.0000002272622,0.549999997727378
"1336","0402040101","StressorB","40",44.9999994790296,0.550000005209704
"1337","0402040101","StressorB","41",45.0000012355878,0.549999987644122
"1338","0402040101","StressorB","42",44.9999995498555,0.550000004501445
"1339","0402040101","StressorB","43",45.000000078086,0.54999999921914
"1340","0402040101","StressorB","44",44.9999988358389,0.550000011641611
"1341","0402040101","StressorB","45",44.9999985334668,0.550000014665332
"1342","0402040101","StressorB","46",45.0000009236834,0.549999990763166
"1343","0402040101","StressorB","47",45.0000005303082,0.549999994696918
"1344","0402040101","StressorB","48",44.9999997782261,0.550000002217738
"1345","0402040101","StressorB","49",44.9999990992597,0.550000009007403
"1346","0402040101","StressorB","5",45.0000009850449,0.549999990149551
"1347","0402040101","StressorB","50",45.0000006877855,0.549999993122145
"1348","0402040101","StressorB","51",45.0000005173261,0.549999994826739
"1349","0402040101","StressorB","52",45.0000004142958,0.549999995857042
"1350","0402040101","StressorB","53",44.9999986148199,0.550000013851801
"1351","0402040101","StressorB","54",44.9999994065114,0.550000005934886
"1352","0402040101","StressorB","55",44.9999997089386,0.550000002910614
"1353","0402040101","StressorB","56",44.9999983764286,0.550000016235714
"1354","0402040101","StressorB","57",44.999998549854,0.55000001450146
"1355","0402040101","StressorB","58",44.9999984408161,0.55000001559184
"1356","0402040101","StressorB","59",44.9999996680331,0.550000003319669
"1357","0402040101","StressorB","6",45.0000003441695,0.549999996558304
"1358","0402040101","StressorB","60",45.0000000645014,0.549999999354986
"1359","0402040101","StressorB","61",45.0000001265059,0.549999998734941
"1360","0402040101","StressorB","62",45.0000027996569,0.549999972003431
"1361","0402040101","StressorB","63",45.000000470913,0.54999999529087
"1362","0402040101","StressorB","64",44.9999993464414,0.550000006535586
"1363","0402040101","StressorB","65",44.9999994491558,0.550000005508442
"1364","0402040101","StressorB","66",45.0000006243771,0.549999993756229
"1365","0402040101","StressorB","67",44.9999999216144,0.550000000783856
"1366","0402040101","StressorB","68",45.000000292003,0.54999999707997
"1367","0402040101","StressorB","69",45.0000024590865,0.549999975409135
"1368","0402040101","StressorB","7",45.0000015549884,0.549999984450116
"1369","0402040101","StressorB","70",45.0000009910773,0.549999990089227
"1370","0402040101","StressorB","71",44.9999975464049,0.550000024535951
"1371","0402040101","StressorB","72",44.9999998614192,0.550000001385808
"1372","0402040101","StressorB","73",44.999998044639,0.55000001955361
"1373","0402040101","StressorB","74",45.000000689426,0.54999999310574
"1374","0402040101","StressorB","75",44.9999998720187,0.550000001279813
"1375","0402040101","StressorB","76",45.0000004711138,0.549999995288862
"1376","0402040101","StressorB","77",45.0000017719416,0.549999982280584
"1377","0402040101","StressorB","78",44.9999986487109,0.550000013512891
"1378","0402040101","StressorB","79",44.9999978803047,0.550000021196953
"1379","0402040101","StressorB","8",45.0000023195831,0.549999976804169
"1380","0402040101","StressorB","80",45.0000016708111,0.549999983291889
"1381","0402040101","StressorB","81",45.000000599207,0.54999999400793
"1382","0402040101","StressorB","82",45.0000002516549,0.549999997483451
"1383","0402040101","StressorB","83",44.9999994498323,0.550000005501677
"1384","0402040101","StressorB","84",44.9999996110462,0.550000003889538
"1385","0402040101","StressorB","85",45.0000010476229,0.549999989523771
"1386","0402040101","StressorB","86",44.99999880842,0.5500000119158
"1387","0402040101","StressorB","87",45.0000014848881,0.549999985151119
"1388","0402040101","StressorB","88",44.9999997500471,0.550000002499529
"1389","0402040101","StressorB","89",45.0000000832858,0.549999999167142
"1390","0402040101","StressorB","9",45.0000002610155,0.549999997389845
"1391","0402040101","StressorB","90",44.9999982375825,0.550000017624175
"1392","0402040101","StressorB","91",44.9999997155009,0.550000002844991
"1393","0402040101","StressorB","92",44.9999988748978,0.550000011251022
"1394","0402040101","StressorB","93",44.9999996585846,0.550000003414154
"1395","0402040101","StressorB","94",45.0000010664111,0.549999989335889
"1396","0402040101","StressorB","95",44.9999999300889,0.550000000699111
"1397","0402040101","StressorB","96",45.0000004583683,0.549999995416317
"1398","0402040101","StressorB","97",44.9999999582734,0.550000000417266
"1399","0402040101","StressorB","98",44.9999975303673,0.550000024696327
"1400","0402040101","StressorB","99",44.9999989572636,0.550000010427364
"1401","0402040101","StressorC","1",49.9999998818946,0.15000000088579
"1402","0402040101","StressorC","10",49.9999994808485,0.150000003893636
"1403","0402040101","StressorC","100",49.9999992714607,0.150000005464045
"1404","0402040101","StressorC","11",50.0000016894348,0.149999991552826
"1405","0402040101","StressorC","12",50.0000004010442,0.149999997994779
"1406","0402040101","StressorC","13",50.0000004843291,0.149999997578354
"1407","0402040101","StressorC","14",50.0000010252705,0.149999994873647
"1408","0402040101","StressorC","15",50.0000000838565,0.149999999580718
"1409","0402040101","StressorC","16",49.9999988794024,0.150000008404482
"1410","0402040101","StressorC","17",49.9999993649842,0.150000004762619
"1411","0402040101","StressorC","18",49.9999984741184,0.150000011444112
"1412","0402040101","StressorC","19",50.0000000233255,0.149999999883373
"1413","0402040101","StressorC","2",50.0000005943186,0.149999997028407
"1414","0402040101","StressorC","20",49.999999798124,0.15000000151407
"1415","0402040101","StressorC","21",50.0000012041824,0.149999993979088
"1416","0402040101","StressorC","22",49.9999994509781,0.150000004117664
"1417","0402040101","StressorC","23",50.0000011544108,0.149999994227946
"1418","0402040101","StressorC","24",49.9999998528887,0.150000001103335
"1419","0402040101","StressorC","25",49.9999995203436,0.150000003597423
"1420","0402040101","StressorC","26",50.0000015035394,0.149999992482303
"1421","0402040101","StressorC","27",49.9999999500349,0.150000000374738
"1422","0402040101","StressorC","28",50.0000004945084,0.149999997527458
"1423","0402040101","StressorC","29",49.9999985136625,0.150000011147531
"1424","0402040101","StressorC","3",49.999999763065,0.150000001777013
"1425","0402040101","StressorC","30",49.9999979600464,0.150000015299652
"1426","0402040101","StressorC","31",49.9999996699491,0.150000002475382
"1427","0402040101","StressorC","32",50.0000010756445,0.149999994621777
"1428","0402040101","StressorC","33",50.0000009534587,0.149999995232707
"1429","0402040101","StressorC","34",50.0000010393571,0.149999994803214
"1430","0402040101","StressorC","35",50.0000001242124,0.149999999378938
"1431","0402040101","StressorC","36",49.9999997855474,0.150000001608395
"1432","0402040101","StressorC","37",50.0000010452065,0.149999994773967
"1433","0402040101","StressorC","38",49.9999986093229,0.150000010430078
"1434","0402040101","StressorC","39",49.9999996612954,0.150000002540284
"1435","0402040101","StressorC","4",50.0000004226076,0.149999997886962
"1436","0402040101","StressorC","40",50.0000013514573,0.149999993242714
"1437","0402040101","StressorC","41",49.9999989108597,0.150000008168552
"1438","0402040101","StressorC","42",49.9999996589504,0.150000002557872
"1439","0402040101","StressorC","43",49.9999979099638,0.150000015675271
"1440","0402040101","StressorC","44",50.0000011446053,0.149999994276973
"1441","0402040101","StressorC","45",50.0000003617747,0.149999998191126
"1442","0402040101","StressorC","46",50.0000004550592,0.149999997724704
"1443","0402040101","StressorC","47",49.9999986929121,0.150000009803159
"1444","0402040101","StressorC","48",50.0000009733445,0.149999995133277
"1445","0402040101","StressorC","49",50.0000010214115,0.149999994892942
"1446","0402040101","StressorC","5",49.9999987778408,0.150000009166194
"1447","0402040101","StressorC","50",50.0000007730748,0.149999996134626
"1448","0402040101","StressorC","51",50.0000001691334,0.149999999154333
"1449","0402040101","StressorC","52",50.0000007647225,0.149999996176387
"1450","0402040101","StressorC","53",49.9999993324714,0.150000005006464
"1451","0402040101","StressorC","54",50.0000006848514,0.149999996575743
"1452","0402040101","StressorC","55",50.0000004967719,0.14999999751614
"1453","0402040101","StressorC","56",50.0000007564407,0.149999996217796
"1454","0402040101","StressorC","57",50.0000019655972,0.149999990172014
"1455","0402040101","StressorC","58",49.9999995537896,0.150000003346578
"1456","0402040101","StressorC","59",50.0000007679356,0.149999996160322
"1457","0402040101","StressorC","6",50.0000013779304,0.149999993110348
"1458","0402040101","StressorC","60",49.9999995317291,0.150000003512032
"1459","0402040101","StressorC","61",50.0000009829437,0.149999995085282
"1460","0402040101","StressorC","62",49.9999982698722,0.150000012975959
"1461","0402040101","StressorC","63",50.0000001034754,0.149999999482623
"1462","0402040101","StressorC","64",50.0000007623569,0.149999996188215
"1463","0402040101","StressorC","65",50.0000003204244,0.149999998397878
"1464","0402040101","StressorC","66",50.0000014373125,0.149999992813438
"1465","0402040101","StressorC","67",49.9999992810566,0.150000005392076
"1466","0402040101","StressorC","68",50.0000001953526,0.149999999023237
"1467","0402040101","StressorC","69",49.9999999805776,0.150000000145668
"1468","0402040101","StressorC","7",50.0000009721416,0.149999995139292
"1469","0402040101","StressorC","70",49.9999994568734,0.150000004073449
"1470","0402040101","StressorC","71",50.0000016190193,0.149999991904904
"1471","0402040101","StressorC","72",50.0000002042585,0.149999998978708
"1472","0402040101","StressorC","73",49.999998645103,0.150000010161727
"1473","0402040101","StressorC","74",50.0000000101371,0.149999999949314
"1474","0402040101","StressorC","75",49.9999980948305,0.150000014288771
"1475","0402040101","StressorC","76",50.0000009155737,0.149999995422132
"1476","0402040101","StressorC","77",49.9999995739388,0.150000003195459
"1477","0402040101","StressorC","78",49.9999983500444,0.150000012374667
"1478","0402040101","StressorC","79",50.0000003070801,0.149999998464599
"1479","0402040101","StressorC","8",50.0000005002647,0.149999997498677
"1480","0402040101","StressorC","80",49.999998753394,0.150000009349545
"1481","0402040101","StressorC","81",50.0000007063341,0.14999999646833
"1482","0402040101","StressorC","82",49.9999990690573,0.15000000698207
"1483","0402040101","StressorC","83",50.0000003880096,0.149999998059952
"1484","0402040101","StressorC","84",49.9999998384606,0.150000001211546
"1485","0402040101","StressorC","85",50.0000007921729,0.149999996039136
"1486","0402040101","StressorC","86",49.9999988041145,0.150000008969141
"1487","0402040101","StressorC","87",49.999999417452,0.15000000436911
"1488","0402040101","StressorC","88",49.9999996214951,0.150000002838787
"1489","0402040101","StressorC","89",50.0000001300647,0.149999999349676
"1490","0402040101","StressorC","9",50.0000005840146,0.149999997079927
"1491","0402040101","StressorC","90",50.0000014751131,0.149999992624435
"1492","0402040101","StressorC","91",49.9999988912829,0.150000008315378
"1493","0402040101","StressorC","92",50.0000000485195,0.149999999757402
"1494","0402040101","StressorC","93",50.0000011046403,0.149999994476799
"1495","0402040101","StressorC","94",49.9999994688985,0.150000003983261
"1496","0402040101","StressorC","95",50.0000005342217,0.149999997328891
"1497","0402040101","StressorC","96",49.999999775468,0.15000000168399
"1498","0402040101","StressorC","97",50.0000001318275,0.149999999340863
"1499","0402040101","StressorC","98",49.9999992439187,0.15000000567061
"1500","0402040101","StressorC","99",49.9999992209065,0.150000005843201
"1501","0402040101","StressorD","1",4.99999212128828,0.2
"1502","0402040101","StressorD","10",4.99999590756286,0.2
"1503","0402040101","StressorD","100",4.99999817103138,0.2
"1504","0402040101","StressorD","11",4.9999985735263,0.2
"1505","0402040101","StressorD","12",4.99999911764736,0.2
"1506","0402040101","StressorD","13",4.99999956168815,0.2
"1507","0402040101","StressorD","14",4.9999910333402,0.2
"1508","0402040101","StressorD","15",5.00000107454535,0.2
"1509","0402040101","StressorD","16",5.00000787301767,0.2
"1510","0402040101","StressorD","17",4.99999298699042,0.2
"1511","0402040101","StressorD","18",5.00000626184215,0.2
"1512","0402040101","StressorD","19",5.00000660947218,0.2
"1513","0402040101","StressorD","2",5.00000400680796,0.2
"1514","0402040101","StressorD","20",4.9999924670412,0.2
"1515","0402040101","StressorD","21",5.00000418975648,0.2
"1516","0402040101","StressorD","22",4.99999880117197,0.2
"1517","0402040101","StressorD","23",5.0000023366726,0.2
"1518","0402040101","StressorD","24",5.00000040641048,0.2
"1519","0402040101","StressorD","25",4.99999334062252,0.2
"1520","0402040101","StressorD","26",4.99999648488306,0.2
"1521","0402040101","StressorD","27",4.99999256687832,0.2
"1522","0402040101","StressorD","28",4.99999904461912,0.2
"1523","0402040101","StressorD","29",5.00000400586432,0.2
"1524","0402040101","StressorD","3",4.9999993410313,0.2
"1525","0402040101","StressorD","30",4.99999996546543,0.2
"1526","0402040101","StressorD","31",5.0000025457145,0.2
"1527","0402040101","StressorD","32",4.99999864639879,0.2
"1528","0402040101","StressorD","33",5.00000090651746,0.2
"1529","0402040101","StressorD","34",5.00000369008804,0.2
"1530","0402040101","StressorD","35",4.99999707146239,0.2
"1531","0402040101","StressorD","36",5.00000173401269,0.2
"1532","0402040101","StressorD","37",4.99999684719749,0.2
"1533","0402040101","StressorD","38",5.00000075861655,0.2
"1534","0402040101","StressorD","39",4.99999153548227,0.2
"1535","0402040101","StressorD","4",4.99999948607317,0.2
"1536","0402040101","StressorD","40",4.99998231707361,0.2
"1537","0402040101","StressorD","41",4.99999824551949,0.2
"1538","0402040101","StressorD","42",4.99999730857715,0.2
"1539","0402040101","StressorD","43",4.99999420064753,0.2
"1540","0402040101","StressorD","44",4.99999534241295,0.2
"1541","0402040101","StressorD","45",4.99999838791424,0.2
"1542","0402040101","StressorD","46",5.00000825839819,0.2
"1543","0402040101","StressorD","47",4.99999726088047,0.2
"1544","0402040101","StressorD","48",4.99999690903037,0.2
"1545","0402040101","StressorD","49",5.00000992107545,0.2
"1546","0402040101","StressorD","5",5.00000238714947,0.2
"1547","0402040101","StressorD","50",5.00000172207385,0.2
"1548","0402040101","StressorD","51",4.99999296008719,0.2
"1549","0402040101","StressorD","52",5.00000645861097,0.2
"1550","0402040101","StressorD","53",4.99999898352485,0.2
"1551","0402040101","StressorD","54",4.99999431907073,0.2
"1552","0402040101","StressorD","55",5.00000741381827,0.2
"1553","0402040101","StressorD","56",4.99999485901889,0.2
"1554","0402040101","StressorD","57",5.00000192222616,0.2
"1555","0402040101","StressorD","58",5.00000271268252,0.2
"1556","0402040101","StressorD","59",4.99999573062906,0.2
"1557","0402040101","StressorD","6",5.00000166778815,0.2
"1558","0402040101","StressorD","60",4.99999589762942,0.2
"1559","0402040101","StressorD","61",5.00000183199405,0.2
"1560","0402040101","StressorD","62",5.00000303572812,0.2
"1561","0402040101","StressorD","63",4.99999779953943,0.2
"1562","0402040101","StressorD","64",4.99999573574705,0.2
"1563","0402040101","StressorD","65",4.99999240968694,0.2
"1564","0402040101","StressorD","66",4.9999955821599,0.2
"1565","0402040101","StressorD","67",4.99999725369871,0.2
"1566","0402040101","StressorD","68",5.00000144028463,0.2
"1567","0402040101","StressorD","69",4.99999819423175,0.2
"1568","0402040101","StressorD","7",4.99999602841396,0.2
"1569","0402040101","StressorD","70",4.99999750850835,0.2
"1570","0402040101","StressorD","71",4.99999890863181,0.2
"1571","0402040101","StressorD","72",4.9999986608347,0.2
"1572","0402040101","StressorD","73",5.00000133146741,0.2
"1573","0402040101","StressorD","74",5.00000573132403,0.2
"1574","0402040101","StressorD","75",5.00000134846693,0.2
"1575","0402040101","StressorD","76",4.999994742926,0.2
"1576","0402040101","StressorD","77",4.99999428600858,0.2
"1577","0402040101","StressorD","78",5.00000252147605,0.2
"1578","0402040101","StressorD","79",4.99999915123471,0.2
"1579","0402040101","StressorD","8",5.0000040971121,0.2
"1580","0402040101","StressorD","80",4.9999953943025,0.2
"1581","0402040101","StressorD","81",4.9999930568594,0.2
"1582","0402040101","StressorD","82",4.99999879451111,0.2
"1583","0402040101","StressorD","83",4.9999908084264,0.2
"1584","0402040101","StressorD","84",5.00000796229796,0.2
"1585","0402040101","StressorD","85",5.00000900430623,0.2
"1586","0402040101","StressorD","86",4.99999090736546,0.2
"1587","0402040101","StressorD","87",4.99999761704851,0.2
"1588","0402040101","StressorD","88",5.0000083891348,0.2
"1589","0402040101","StressorD","89",5.00000471465814,0.2
"1590","0402040101","StressorD","9",4.99999625359311,0.2
"1591","0402040101","StressorD","90",5.00000188313429,0.2
"1592","0402040101","StressorD","91",5.00000180484462,0.2
"1593","0402040101","StressorD","92",5.00000187644853,0.2
"1594","0402040101","StressorD","93",5.00000164118913,0.2
"1595","0402040101","StressorD","94",4.99999253796428,0.2
"1596","0402040101","StressorD","95",4.99999372799202,0.2
"1597","0402040101","StressorD","96",5.0000002061466,0.2
"1598","0402040101","StressorD","97",4.99999985248237,0.2
"1599","0402040101","StressorD","98",5.00000196219123,0.2
"1600","0402040101","StressorD","99",4.99999938960217,0.2
